ISO-10303-21;
HEADER;
FILE_DESCRIPTION(('FreeCAD Model'),'2;1');
FILE_NAME('Open CASCADE Shape Model','2026-06-16T00:28:55',(''),(''),
  'Open CASCADE STEP processor 7.9','FreeCAD','Unknown');
FILE_SCHEMA(('AUTOMOTIVE_DESIGN { 1 0 10303 214 1 1 1 1 }'));
ENDSEC;
DATA;
#1 = APPLICATION_PROTOCOL_DEFINITION('international standard',
  'automotive_design',2000,#2);
#2 = APPLICATION_CONTEXT(
  'core data for automotive mechanical design processes');
#3 = SHAPE_DEFINITION_REPRESENTATION(#4,#10);
#4 = PRODUCT_DEFINITION_SHAPE('','',#5);
#5 = PRODUCT_DEFINITION('design','',#6,#9);
#6 = PRODUCT_DEFINITION_FORMATION('','',#7);
#7 = PRODUCT('Unnamed','Unnamed','',(#8));
#8 = PRODUCT_CONTEXT('',#2,'mechanical');
#9 = PRODUCT_DEFINITION_CONTEXT('part definition',#2,'design');
#10 = SHAPE_REPRESENTATION('',(#11,#15,#19,#23,#27),#31);
#11 = AXIS2_PLACEMENT_3D('',#12,#13,#14);
#12 = CARTESIAN_POINT('',(0.,0.,0.));
#13 = DIRECTION('',(0.,0.,1.));
#14 = DIRECTION('',(1.,0.,-0.));
#15 = AXIS2_PLACEMENT_3D('',#16,#17,#18);
#16 = CARTESIAN_POINT('',(0.,0.,0.));
#17 = DIRECTION('',(0.,0.,1.));
#18 = DIRECTION('',(1.,0.,0.));
#19 = AXIS2_PLACEMENT_3D('',#20,#21,#22);
#20 = CARTESIAN_POINT('',(2.9591,0.,0.));
#21 = DIRECTION('',(0.,0.,1.));
#22 = DIRECTION('',(1.,0.,0.));
#23 = AXIS2_PLACEMENT_3D('',#24,#25,#26);
#24 = CARTESIAN_POINT('',(-2.8829,0.,0.));
#25 = DIRECTION('',(0.,0.,1.));
#26 = DIRECTION('',(1.,0.,0.));
#27 = AXIS2_PLACEMENT_3D('',#28,#29,#30);
#28 = CARTESIAN_POINT('',(0.,0.,0.));
#29 = DIRECTION('',(0.,0.,1.));
#30 = DIRECTION('',(1.,0.,0.));
#31 = ( GEOMETRIC_REPRESENTATION_CONTEXT(3) 
GLOBAL_UNCERTAINTY_ASSIGNED_CONTEXT((#35)) GLOBAL_UNIT_ASSIGNED_CONTEXT(
(#32,#33,#34)) REPRESENTATION_CONTEXT('Context #1',
  '3D Context with UNIT and UNCERTAINTY') );
#32 = ( LENGTH_UNIT() NAMED_UNIT(*) SI_UNIT(.MILLI.,.METRE.) );
#33 = ( NAMED_UNIT(*) PLANE_ANGLE_UNIT() SI_UNIT($,.RADIAN.) );
#34 = ( NAMED_UNIT(*) SI_UNIT($,.STERADIAN.) SOLID_ANGLE_UNIT() );
#35 = UNCERTAINTY_MEASURE_WITH_UNIT(LENGTH_MEASURE(1.E-07),#32,
  'distance_accuracy_value','confusion accuracy');
#36 = PRODUCT_RELATED_PRODUCT_CATEGORY('part',$,(#7));
#37 = SHAPE_DEFINITION_REPRESENTATION(#38,#44);
#38 = PRODUCT_DEFINITION_SHAPE('','',#39);
#39 = PRODUCT_DEFINITION('design','',#40,#43);
#40 = PRODUCT_DEFINITION_FORMATION('','',#41);
#41 = PRODUCT('SwitchBody','SwitchBody','',(#42));
#42 = PRODUCT_CONTEXT('',#2,'mechanical');
#43 = PRODUCT_DEFINITION_CONTEXT('part definition',#2,'design');
#44 = ADVANCED_BREP_SHAPE_REPRESENTATION('',(#11,#45),#465);
#45 = MANIFOLD_SOLID_BREP('',#46);
#46 = CLOSED_SHELL('',(#47,#167,#243,#345,#372,#399,#406,#461));
#47 = ADVANCED_FACE('',(#48),#62,.T.);
#48 = FACE_BOUND('',#49,.T.);
#49 = EDGE_LOOP('',(#50,#85,#113,#141));
#50 = ORIENTED_EDGE('',*,*,#51,.T.);
#51 = EDGE_CURVE('',#52,#54,#56,.T.);
#52 = VERTEX_POINT('',#53);
#53 = CARTESIAN_POINT('',(-6.477,-3.302,-6.604));
#54 = VERTEX_POINT('',#55);
#55 = CARTESIAN_POINT('',(-6.477,3.302,-6.604));
#56 = SURFACE_CURVE('',#57,(#61,#73),.PCURVE_S1.);
#57 = LINE('',#58,#59);
#58 = CARTESIAN_POINT('',(-6.477,-3.302,-6.604));
#59 = VECTOR('',#60,1.);
#60 = DIRECTION('',(0.,1.,-2.22044604925E-16));
#61 = PCURVE('',#62,#67);
#62 = PLANE('',#63);
#63 = AXIS2_PLACEMENT_3D('',#64,#65,#66);
#64 = CARTESIAN_POINT('',(-6.477,-3.302,-6.604));
#65 = DIRECTION('',(0.,-2.22044604925E-16,-1.));
#66 = DIRECTION('',(1.,0.,0.));
#67 = DEFINITIONAL_REPRESENTATION('',(#68),#72);
#68 = LINE('',#69,#70);
#69 = CARTESIAN_POINT('',(0.,0.));
#70 = VECTOR('',#71,1.);
#71 = DIRECTION('',(0.,-1.));
#72 = ( GEOMETRIC_REPRESENTATION_CONTEXT(2) 
PARAMETRIC_REPRESENTATION_CONTEXT() REPRESENTATION_CONTEXT('2D SPACE',''
  ) );
#73 = PCURVE('',#74,#79);
#74 = PLANE('',#75);
#75 = AXIS2_PLACEMENT_3D('',#76,#77,#78);
#76 = CARTESIAN_POINT('',(-6.477,-3.302,6.604));
#77 = DIRECTION('',(-1.,0.,0.));
#78 = DIRECTION('',(0.,-2.22044604925E-16,-1.));
#79 = DEFINITIONAL_REPRESENTATION('',(#80),#84);
#80 = LINE('',#81,#82);
#81 = CARTESIAN_POINT('',(13.208,-2.682298827494E-16));
#82 = VECTOR('',#83,1.);
#83 = DIRECTION('',(0.,-1.));
#84 = ( GEOMETRIC_REPRESENTATION_CONTEXT(2) 
PARAMETRIC_REPRESENTATION_CONTEXT() REPRESENTATION_CONTEXT('2D SPACE',''
  ) );
#85 = ORIENTED_EDGE('',*,*,#86,.T.);
#86 = EDGE_CURVE('',#54,#87,#89,.T.);
#87 = VERTEX_POINT('',#88);
#88 = CARTESIAN_POINT('',(6.477,3.302,-6.604));
#89 = SURFACE_CURVE('',#90,(#94,#101),.PCURVE_S1.);
#90 = LINE('',#91,#92);
#91 = CARTESIAN_POINT('',(-6.477,3.302,-6.604));
#92 = VECTOR('',#93,1.);
#93 = DIRECTION('',(1.,0.,0.));
#94 = PCURVE('',#62,#95);
#95 = DEFINITIONAL_REPRESENTATION('',(#96),#100);
#96 = LINE('',#97,#98);
#97 = CARTESIAN_POINT('',(0.,-6.604));
#98 = VECTOR('',#99,1.);
#99 = DIRECTION('',(1.,0.));
#100 = ( GEOMETRIC_REPRESENTATION_CONTEXT(2) 
PARAMETRIC_REPRESENTATION_CONTEXT() REPRESENTATION_CONTEXT('2D SPACE',''
  ) );
#101 = PCURVE('',#102,#107);
#102 = PLANE('',#103);
#103 = AXIS2_PLACEMENT_3D('',#104,#105,#106);
#104 = CARTESIAN_POINT('',(2.715934316031E-16,3.302,-4.615978538593E-16)
  );
#105 = DIRECTION('',(0.,1.,0.));
#106 = DIRECTION('',(0.,0.,1.));
#107 = DEFINITIONAL_REPRESENTATION('',(#108),#112);
#108 = LINE('',#109,#110);
#109 = CARTESIAN_POINT('',(-6.604,-6.477));
#110 = VECTOR('',#111,1.);
#111 = DIRECTION('',(0.,1.));
#112 = ( GEOMETRIC_REPRESENTATION_CONTEXT(2) 
PARAMETRIC_REPRESENTATION_CONTEXT() REPRESENTATION_CONTEXT('2D SPACE',''
  ) );
#113 = ORIENTED_EDGE('',*,*,#114,.F.);
#114 = EDGE_CURVE('',#115,#87,#117,.T.);
#115 = VERTEX_POINT('',#116);
#116 = CARTESIAN_POINT('',(6.477,-3.302,-6.604));
#117 = SURFACE_CURVE('',#118,(#122,#129),.PCURVE_S1.);
#118 = LINE('',#119,#120);
#119 = CARTESIAN_POINT('',(6.477,-3.302,-6.604));
#120 = VECTOR('',#121,1.);
#121 = DIRECTION('',(0.,1.,-2.22044604925E-16));
#122 = PCURVE('',#62,#123);
#123 = DEFINITIONAL_REPRESENTATION('',(#124),#128);
#124 = LINE('',#125,#126);
#125 = CARTESIAN_POINT('',(12.954,0.));
#126 = VECTOR('',#127,1.);
#127 = DIRECTION('',(0.,-1.));
#128 = ( GEOMETRIC_REPRESENTATION_CONTEXT(2) 
PARAMETRIC_REPRESENTATION_CONTEXT() REPRESENTATION_CONTEXT('2D SPACE',''
  ) );
#129 = PCURVE('',#130,#135);
#130 = PLANE('',#131);
#131 = AXIS2_PLACEMENT_3D('',#132,#133,#134);
#132 = CARTESIAN_POINT('',(6.477,-3.302,-6.604));
#133 = DIRECTION('',(1.,0.,0.));
#134 = DIRECTION('',(0.,2.22044604925E-16,1.));
#135 = DEFINITIONAL_REPRESENTATION('',(#136),#140);
#136 = LINE('',#137,#138);
#137 = CARTESIAN_POINT('',(0.,0.));
#138 = VECTOR('',#139,1.);
#139 = DIRECTION('',(0.,-1.));
#140 = ( GEOMETRIC_REPRESENTATION_CONTEXT(2) 
PARAMETRIC_REPRESENTATION_CONTEXT() REPRESENTATION_CONTEXT('2D SPACE',''
  ) );
#141 = ORIENTED_EDGE('',*,*,#142,.F.);
#142 = EDGE_CURVE('',#52,#115,#143,.T.);
#143 = SURFACE_CURVE('',#144,(#148,#155),.PCURVE_S1.);
#144 = LINE('',#145,#146);
#145 = CARTESIAN_POINT('',(-6.477,-3.302,-6.604));
#146 = VECTOR('',#147,1.);
#147 = DIRECTION('',(1.,0.,0.));
#148 = PCURVE('',#62,#149);
#149 = DEFINITIONAL_REPRESENTATION('',(#150),#154);
#150 = LINE('',#151,#152);
#151 = CARTESIAN_POINT('',(0.,0.));
#152 = VECTOR('',#153,1.);
#153 = DIRECTION('',(1.,0.));
#154 = ( GEOMETRIC_REPRESENTATION_CONTEXT(2) 
PARAMETRIC_REPRESENTATION_CONTEXT() REPRESENTATION_CONTEXT('2D SPACE',''
  ) );
#155 = PCURVE('',#156,#161);
#156 = PLANE('',#157);
#157 = AXIS2_PLACEMENT_3D('',#158,#159,#160);
#158 = CARTESIAN_POINT('',(2.715934316031E-16,-3.302,1.004784717066E-15)
  );
#159 = DIRECTION('',(0.,1.,0.));
#160 = DIRECTION('',(0.,0.,1.));
#161 = DEFINITIONAL_REPRESENTATION('',(#162),#166);
#162 = LINE('',#163,#164);
#163 = CARTESIAN_POINT('',(-6.604,-6.477));
#164 = VECTOR('',#165,1.);
#165 = DIRECTION('',(0.,1.));
#166 = ( GEOMETRIC_REPRESENTATION_CONTEXT(2) 
PARAMETRIC_REPRESENTATION_CONTEXT() REPRESENTATION_CONTEXT('2D SPACE',''
  ) );
#167 = ADVANCED_FACE('',(#168),#74,.T.);
#168 = FACE_BOUND('',#169,.T.);
#169 = EDGE_LOOP('',(#170,#200,#221,#222));
#170 = ORIENTED_EDGE('',*,*,#171,.T.);
#171 = EDGE_CURVE('',#172,#174,#176,.T.);
#172 = VERTEX_POINT('',#173);
#173 = CARTESIAN_POINT('',(-6.477,-3.302,6.604));
#174 = VERTEX_POINT('',#175);
#175 = CARTESIAN_POINT('',(-6.477,3.302,6.604));
#176 = SURFACE_CURVE('',#177,(#181,#188),.PCURVE_S1.);
#177 = LINE('',#178,#179);
#178 = CARTESIAN_POINT('',(-6.477,-3.302,6.604));
#179 = VECTOR('',#180,1.);
#180 = DIRECTION('',(0.,1.,-2.22044604925E-16));
#181 = PCURVE('',#74,#182);
#182 = DEFINITIONAL_REPRESENTATION('',(#183),#187);
#183 = LINE('',#184,#185);
#184 = CARTESIAN_POINT('',(0.,0.));
#185 = VECTOR('',#186,1.);
#186 = DIRECTION('',(0.,-1.));
#187 = ( GEOMETRIC_REPRESENTATION_CONTEXT(2) 
PARAMETRIC_REPRESENTATION_CONTEXT() REPRESENTATION_CONTEXT('2D SPACE',''
  ) );
#188 = PCURVE('',#189,#194);
#189 = PLANE('',#190);
#190 = AXIS2_PLACEMENT_3D('',#191,#192,#193);
#191 = CARTESIAN_POINT('',(6.477,-3.302,6.604));
#192 = DIRECTION('',(0.,2.22044604925E-16,1.));
#193 = DIRECTION('',(-1.,0.,0.));
#194 = DEFINITIONAL_REPRESENTATION('',(#195),#199);
#195 = LINE('',#196,#197);
#196 = CARTESIAN_POINT('',(12.954,0.));
#197 = VECTOR('',#198,1.);
#198 = DIRECTION('',(0.,-1.));
#199 = ( GEOMETRIC_REPRESENTATION_CONTEXT(2) 
PARAMETRIC_REPRESENTATION_CONTEXT() REPRESENTATION_CONTEXT('2D SPACE',''
  ) );
#200 = ORIENTED_EDGE('',*,*,#201,.T.);
#201 = EDGE_CURVE('',#174,#54,#202,.T.);
#202 = SURFACE_CURVE('',#203,(#207,#214),.PCURVE_S1.);
#203 = LINE('',#204,#205);
#204 = CARTESIAN_POINT('',(-6.477,3.302,6.604));
#205 = VECTOR('',#206,1.);
#206 = DIRECTION('',(0.,-2.22044604925E-16,-1.));
#207 = PCURVE('',#74,#208);
#208 = DEFINITIONAL_REPRESENTATION('',(#209),#213);
#209 = LINE('',#210,#211);
#210 = CARTESIAN_POINT('',(3.099742684753E-16,-6.604));
#211 = VECTOR('',#212,1.);
#212 = DIRECTION('',(1.,0.));
#213 = ( GEOMETRIC_REPRESENTATION_CONTEXT(2) 
PARAMETRIC_REPRESENTATION_CONTEXT() REPRESENTATION_CONTEXT('2D SPACE',''
  ) );
#214 = PCURVE('',#102,#215);
#215 = DEFINITIONAL_REPRESENTATION('',(#216),#220);
#216 = LINE('',#217,#218);
#217 = CARTESIAN_POINT('',(6.604,-6.477));
#218 = VECTOR('',#219,1.);
#219 = DIRECTION('',(-1.,0.));
#220 = ( GEOMETRIC_REPRESENTATION_CONTEXT(2) 
PARAMETRIC_REPRESENTATION_CONTEXT() REPRESENTATION_CONTEXT('2D SPACE',''
  ) );
#221 = ORIENTED_EDGE('',*,*,#51,.F.);
#222 = ORIENTED_EDGE('',*,*,#223,.F.);
#223 = EDGE_CURVE('',#172,#52,#224,.T.);
#224 = SURFACE_CURVE('',#225,(#229,#236),.PCURVE_S1.);
#225 = LINE('',#226,#227);
#226 = CARTESIAN_POINT('',(-6.477,-3.302,6.604));
#227 = VECTOR('',#228,1.);
#228 = DIRECTION('',(0.,-2.22044604925E-16,-1.));
#229 = PCURVE('',#74,#230);
#230 = DEFINITIONAL_REPRESENTATION('',(#231),#235);
#231 = LINE('',#232,#233);
#232 = CARTESIAN_POINT('',(0.,0.));
#233 = VECTOR('',#234,1.);
#234 = DIRECTION('',(1.,0.));
#235 = ( GEOMETRIC_REPRESENTATION_CONTEXT(2) 
PARAMETRIC_REPRESENTATION_CONTEXT() REPRESENTATION_CONTEXT('2D SPACE',''
  ) );
#236 = PCURVE('',#156,#237);
#237 = DEFINITIONAL_REPRESENTATION('',(#238),#242);
#238 = LINE('',#239,#240);
#239 = CARTESIAN_POINT('',(6.604,-6.477));
#240 = VECTOR('',#241,1.);
#241 = DIRECTION('',(-1.,0.));
#242 = ( GEOMETRIC_REPRESENTATION_CONTEXT(2) 
PARAMETRIC_REPRESENTATION_CONTEXT() REPRESENTATION_CONTEXT('2D SPACE',''
  ) );
#243 = ADVANCED_FACE('',(#244,#314),#130,.T.);
#244 = FACE_BOUND('',#245,.T.);
#245 = EDGE_LOOP('',(#246,#247,#270,#293));
#246 = ORIENTED_EDGE('',*,*,#114,.T.);
#247 = ORIENTED_EDGE('',*,*,#248,.T.);
#248 = EDGE_CURVE('',#87,#249,#251,.T.);
#249 = VERTEX_POINT('',#250);
#250 = CARTESIAN_POINT('',(6.477,3.302,6.604));
#251 = SURFACE_CURVE('',#252,(#256,#263),.PCURVE_S1.);
#252 = LINE('',#253,#254);
#253 = CARTESIAN_POINT('',(6.477,3.302,-6.604));
#254 = VECTOR('',#255,1.);
#255 = DIRECTION('',(0.,2.22044604925E-16,1.));
#256 = PCURVE('',#130,#257);
#257 = DEFINITIONAL_REPRESENTATION('',(#258),#262);
#258 = LINE('',#259,#260);
#259 = CARTESIAN_POINT('',(-3.099742684753E-16,-6.604));
#260 = VECTOR('',#261,1.);
#261 = DIRECTION('',(1.,0.));
#262 = ( GEOMETRIC_REPRESENTATION_CONTEXT(2) 
PARAMETRIC_REPRESENTATION_CONTEXT() REPRESENTATION_CONTEXT('2D SPACE',''
  ) );
#263 = PCURVE('',#102,#264);
#264 = DEFINITIONAL_REPRESENTATION('',(#265),#269);
#265 = LINE('',#266,#267);
#266 = CARTESIAN_POINT('',(-6.604,6.477));
#267 = VECTOR('',#268,1.);
#268 = DIRECTION('',(1.,0.));
#269 = ( GEOMETRIC_REPRESENTATION_CONTEXT(2) 
PARAMETRIC_REPRESENTATION_CONTEXT() REPRESENTATION_CONTEXT('2D SPACE',''
  ) );
#270 = ORIENTED_EDGE('',*,*,#271,.F.);
#271 = EDGE_CURVE('',#272,#249,#274,.T.);
#272 = VERTEX_POINT('',#273);
#273 = CARTESIAN_POINT('',(6.477,-3.302,6.604));
#274 = SURFACE_CURVE('',#275,(#279,#286),.PCURVE_S1.);
#275 = LINE('',#276,#277);
#276 = CARTESIAN_POINT('',(6.477,-3.302,6.604));
#277 = VECTOR('',#278,1.);
#278 = DIRECTION('',(0.,1.,-2.22044604925E-16));
#279 = PCURVE('',#130,#280);
#280 = DEFINITIONAL_REPRESENTATION('',(#281),#285);
#281 = LINE('',#282,#283);
#282 = CARTESIAN_POINT('',(13.208,2.682298827494E-16));
#283 = VECTOR('',#284,1.);
#284 = DIRECTION('',(0.,-1.));
#285 = ( GEOMETRIC_REPRESENTATION_CONTEXT(2) 
PARAMETRIC_REPRESENTATION_CONTEXT() REPRESENTATION_CONTEXT('2D SPACE',''
  ) );
#286 = PCURVE('',#189,#287);
#287 = DEFINITIONAL_REPRESENTATION('',(#288),#292);
#288 = LINE('',#289,#290);
#289 = CARTESIAN_POINT('',(0.,0.));
#290 = VECTOR('',#291,1.);
#291 = DIRECTION('',(0.,-1.));
#292 = ( GEOMETRIC_REPRESENTATION_CONTEXT(2) 
PARAMETRIC_REPRESENTATION_CONTEXT() REPRESENTATION_CONTEXT('2D SPACE',''
  ) );
#293 = ORIENTED_EDGE('',*,*,#294,.F.);
#294 = EDGE_CURVE('',#115,#272,#295,.T.);
#295 = SURFACE_CURVE('',#296,(#300,#307),.PCURVE_S1.);
#296 = LINE('',#297,#298);
#297 = CARTESIAN_POINT('',(6.477,-3.302,-6.604));
#298 = VECTOR('',#299,1.);
#299 = DIRECTION('',(0.,2.22044604925E-16,1.));
#300 = PCURVE('',#130,#301);
#301 = DEFINITIONAL_REPRESENTATION('',(#302),#306);
#302 = LINE('',#303,#304);
#303 = CARTESIAN_POINT('',(0.,0.));
#304 = VECTOR('',#305,1.);
#305 = DIRECTION('',(1.,0.));
#306 = ( GEOMETRIC_REPRESENTATION_CONTEXT(2) 
PARAMETRIC_REPRESENTATION_CONTEXT() REPRESENTATION_CONTEXT('2D SPACE',''
  ) );
#307 = PCURVE('',#156,#308);
#308 = DEFINITIONAL_REPRESENTATION('',(#309),#313);
#309 = LINE('',#310,#311);
#310 = CARTESIAN_POINT('',(-6.604,6.477));
#311 = VECTOR('',#312,1.);
#312 = DIRECTION('',(1.,0.));
#313 = ( GEOMETRIC_REPRESENTATION_CONTEXT(2) 
PARAMETRIC_REPRESENTATION_CONTEXT() REPRESENTATION_CONTEXT('2D SPACE',''
  ) );
#314 = FACE_BOUND('',#315,.T.);
#315 = EDGE_LOOP('',(#316));
#316 = ORIENTED_EDGE('',*,*,#317,.F.);
#317 = EDGE_CURVE('',#318,#318,#320,.T.);
#318 = VERTEX_POINT('',#319);
#319 = CARTESIAN_POINT('',(6.477,2.286,0.));
#320 = SURFACE_CURVE('',#321,(#326,#333),.PCURVE_S1.);
#321 = CIRCLE('',#322,2.286);
#322 = AXIS2_PLACEMENT_3D('',#323,#324,#325);
#323 = CARTESIAN_POINT('',(6.477,0.,0.));
#324 = DIRECTION('',(1.,0.,0.));
#325 = DIRECTION('',(0.,1.,0.));
#326 = PCURVE('',#130,#327);
#327 = DEFINITIONAL_REPRESENTATION('',(#328),#332);
#328 = CIRCLE('',#329,2.286);
#329 = AXIS2_PLACEMENT_2D('',#330,#331);
#330 = CARTESIAN_POINT('',(6.604,-3.302));
#331 = DIRECTION('',(2.22044604925E-16,-1.));
#332 = ( GEOMETRIC_REPRESENTATION_CONTEXT(2) 
PARAMETRIC_REPRESENTATION_CONTEXT() REPRESENTATION_CONTEXT('2D SPACE',''
  ) );
#333 = PCURVE('',#334,#339);
#334 = CYLINDRICAL_SURFACE('',#335,2.286);
#335 = AXIS2_PLACEMENT_3D('',#336,#337,#338);
#336 = CARTESIAN_POINT('',(6.477,0.,0.));
#337 = DIRECTION('',(1.,0.,0.));
#338 = DIRECTION('',(0.,1.,0.));
#339 = DEFINITIONAL_REPRESENTATION('',(#340),#344);
#340 = LINE('',#341,#342);
#341 = CARTESIAN_POINT('',(0.,0.));
#342 = VECTOR('',#343,1.);
#343 = DIRECTION('',(1.,0.));
#344 = ( GEOMETRIC_REPRESENTATION_CONTEXT(2) 
PARAMETRIC_REPRESENTATION_CONTEXT() REPRESENTATION_CONTEXT('2D SPACE',''
  ) );
#345 = ADVANCED_FACE('',(#346),#156,.F.);
#346 = FACE_BOUND('',#347,.T.);
#347 = EDGE_LOOP('',(#348,#349,#350,#371));
#348 = ORIENTED_EDGE('',*,*,#142,.T.);
#349 = ORIENTED_EDGE('',*,*,#294,.T.);
#350 = ORIENTED_EDGE('',*,*,#351,.T.);
#351 = EDGE_CURVE('',#272,#172,#352,.T.);
#352 = SURFACE_CURVE('',#353,(#357,#364),.PCURVE_S1.);
#353 = LINE('',#354,#355);
#354 = CARTESIAN_POINT('',(6.477,-3.302,6.604));
#355 = VECTOR('',#356,1.);
#356 = DIRECTION('',(-1.,0.,0.));
#357 = PCURVE('',#156,#358);
#358 = DEFINITIONAL_REPRESENTATION('',(#359),#363);
#359 = LINE('',#360,#361);
#360 = CARTESIAN_POINT('',(6.604,6.477));
#361 = VECTOR('',#362,1.);
#362 = DIRECTION('',(0.,-1.));
#363 = ( GEOMETRIC_REPRESENTATION_CONTEXT(2) 
PARAMETRIC_REPRESENTATION_CONTEXT() REPRESENTATION_CONTEXT('2D SPACE',''
  ) );
#364 = PCURVE('',#189,#365);
#365 = DEFINITIONAL_REPRESENTATION('',(#366),#370);
#366 = LINE('',#367,#368);
#367 = CARTESIAN_POINT('',(0.,0.));
#368 = VECTOR('',#369,1.);
#369 = DIRECTION('',(1.,0.));
#370 = ( GEOMETRIC_REPRESENTATION_CONTEXT(2) 
PARAMETRIC_REPRESENTATION_CONTEXT() REPRESENTATION_CONTEXT('2D SPACE',''
  ) );
#371 = ORIENTED_EDGE('',*,*,#223,.T.);
#372 = ADVANCED_FACE('',(#373),#102,.T.);
#373 = FACE_BOUND('',#374,.F.);
#374 = EDGE_LOOP('',(#375,#376,#377,#398));
#375 = ORIENTED_EDGE('',*,*,#86,.T.);
#376 = ORIENTED_EDGE('',*,*,#248,.T.);
#377 = ORIENTED_EDGE('',*,*,#378,.T.);
#378 = EDGE_CURVE('',#249,#174,#379,.T.);
#379 = SURFACE_CURVE('',#380,(#384,#391),.PCURVE_S1.);
#380 = LINE('',#381,#382);
#381 = CARTESIAN_POINT('',(6.477,3.302,6.604));
#382 = VECTOR('',#383,1.);
#383 = DIRECTION('',(-1.,0.,0.));
#384 = PCURVE('',#102,#385);
#385 = DEFINITIONAL_REPRESENTATION('',(#386),#390);
#386 = LINE('',#387,#388);
#387 = CARTESIAN_POINT('',(6.604,6.477));
#388 = VECTOR('',#389,1.);
#389 = DIRECTION('',(0.,-1.));
#390 = ( GEOMETRIC_REPRESENTATION_CONTEXT(2) 
PARAMETRIC_REPRESENTATION_CONTEXT() REPRESENTATION_CONTEXT('2D SPACE',''
  ) );
#391 = PCURVE('',#189,#392);
#392 = DEFINITIONAL_REPRESENTATION('',(#393),#397);
#393 = LINE('',#394,#395);
#394 = CARTESIAN_POINT('',(0.,-6.604));
#395 = VECTOR('',#396,1.);
#396 = DIRECTION('',(1.,0.));
#397 = ( GEOMETRIC_REPRESENTATION_CONTEXT(2) 
PARAMETRIC_REPRESENTATION_CONTEXT() REPRESENTATION_CONTEXT('2D SPACE',''
  ) );
#398 = ORIENTED_EDGE('',*,*,#201,.T.);
#399 = ADVANCED_FACE('',(#400),#189,.T.);
#400 = FACE_BOUND('',#401,.T.);
#401 = EDGE_LOOP('',(#402,#403,#404,#405));
#402 = ORIENTED_EDGE('',*,*,#271,.T.);
#403 = ORIENTED_EDGE('',*,*,#378,.T.);
#404 = ORIENTED_EDGE('',*,*,#171,.F.);
#405 = ORIENTED_EDGE('',*,*,#351,.F.);
#406 = ADVANCED_FACE('',(#407),#334,.F.);
#407 = FACE_BOUND('',#408,.F.);
#408 = EDGE_LOOP('',(#409,#432,#459,#460));
#409 = ORIENTED_EDGE('',*,*,#410,.T.);
#410 = EDGE_CURVE('',#318,#411,#413,.T.);
#411 = VERTEX_POINT('',#412);
#412 = CARTESIAN_POINT('',(-4.953,2.286,0.));
#413 = SEAM_CURVE('',#414,(#418,#425),.PCURVE_S1.);
#414 = LINE('',#415,#416);
#415 = CARTESIAN_POINT('',(6.477,2.286,0.));
#416 = VECTOR('',#417,1.);
#417 = DIRECTION('',(-1.,-0.,-0.));
#418 = PCURVE('',#334,#419);
#419 = DEFINITIONAL_REPRESENTATION('',(#420),#424);
#420 = LINE('',#421,#422);
#421 = CARTESIAN_POINT('',(0.,0.));
#422 = VECTOR('',#423,1.);
#423 = DIRECTION('',(0.,-1.));
#424 = ( GEOMETRIC_REPRESENTATION_CONTEXT(2) 
PARAMETRIC_REPRESENTATION_CONTEXT() REPRESENTATION_CONTEXT('2D SPACE',''
  ) );
#425 = PCURVE('',#334,#426);
#426 = DEFINITIONAL_REPRESENTATION('',(#427),#431);
#427 = LINE('',#428,#429);
#428 = CARTESIAN_POINT('',(6.28318530718,0.));
#429 = VECTOR('',#430,1.);
#430 = DIRECTION('',(0.,-1.));
#431 = ( GEOMETRIC_REPRESENTATION_CONTEXT(2) 
PARAMETRIC_REPRESENTATION_CONTEXT() REPRESENTATION_CONTEXT('2D SPACE',''
  ) );
#432 = ORIENTED_EDGE('',*,*,#433,.T.);
#433 = EDGE_CURVE('',#411,#411,#434,.T.);
#434 = SURFACE_CURVE('',#435,(#440,#447),.PCURVE_S1.);
#435 = CIRCLE('',#436,2.286);
#436 = AXIS2_PLACEMENT_3D('',#437,#438,#439);
#437 = CARTESIAN_POINT('',(-4.953,0.,0.));
#438 = DIRECTION('',(1.,0.,0.));
#439 = DIRECTION('',(0.,1.,0.));
#440 = PCURVE('',#334,#441);
#441 = DEFINITIONAL_REPRESENTATION('',(#442),#446);
#442 = LINE('',#443,#444);
#443 = CARTESIAN_POINT('',(0.,-11.43));
#444 = VECTOR('',#445,1.);
#445 = DIRECTION('',(1.,0.));
#446 = ( GEOMETRIC_REPRESENTATION_CONTEXT(2) 
PARAMETRIC_REPRESENTATION_CONTEXT() REPRESENTATION_CONTEXT('2D SPACE',''
  ) );
#447 = PCURVE('',#448,#453);
#448 = PLANE('',#449);
#449 = AXIS2_PLACEMENT_3D('',#450,#451,#452);
#450 = CARTESIAN_POINT('',(-4.953,-1.495450713626E-16,1.309995209488E-16
    ));
#451 = DIRECTION('',(1.,0.,0.));
#452 = DIRECTION('',(0.,0.,1.));
#453 = DEFINITIONAL_REPRESENTATION('',(#454),#458);
#454 = CIRCLE('',#455,2.286);
#455 = AXIS2_PLACEMENT_2D('',#456,#457);
#456 = CARTESIAN_POINT('',(-1.309995209488E-16,-1.495450713626E-16));
#457 = DIRECTION('',(0.,-1.));
#458 = ( GEOMETRIC_REPRESENTATION_CONTEXT(2) 
PARAMETRIC_REPRESENTATION_CONTEXT() REPRESENTATION_CONTEXT('2D SPACE',''
  ) );
#459 = ORIENTED_EDGE('',*,*,#410,.F.);
#460 = ORIENTED_EDGE('',*,*,#317,.F.);
#461 = ADVANCED_FACE('',(#462),#448,.T.);
#462 = FACE_BOUND('',#463,.T.);
#463 = EDGE_LOOP('',(#464));
#464 = ORIENTED_EDGE('',*,*,#433,.T.);
#465 = ( GEOMETRIC_REPRESENTATION_CONTEXT(3) 
GLOBAL_UNCERTAINTY_ASSIGNED_CONTEXT((#469)) GLOBAL_UNIT_ASSIGNED_CONTEXT
((#466,#467,#468)) REPRESENTATION_CONTEXT('Context #1',
  '3D Context with UNIT and UNCERTAINTY') );
#466 = ( LENGTH_UNIT() NAMED_UNIT(*) SI_UNIT(.MILLI.,.METRE.) );
#467 = ( NAMED_UNIT(*) PLANE_ANGLE_UNIT() SI_UNIT($,.RADIAN.) );
#468 = ( NAMED_UNIT(*) SI_UNIT($,.STERADIAN.) SOLID_ANGLE_UNIT() );
#469 = UNCERTAINTY_MEASURE_WITH_UNIT(LENGTH_MEASURE(1.E-07),#466,
  'distance_accuracy_value','confusion accuracy');
#470 = CONTEXT_DEPENDENT_SHAPE_REPRESENTATION(#471,#473);
#471 = ( REPRESENTATION_RELATIONSHIP('','',#44,#10) 
REPRESENTATION_RELATIONSHIP_WITH_TRANSFORMATION(#472) 
SHAPE_REPRESENTATION_RELATIONSHIP() );
#472 = ITEM_DEFINED_TRANSFORMATION('','',#11,#15);
#473 = PRODUCT_DEFINITION_SHAPE('Placement','Placement of an item',#474
  );
#474 = NEXT_ASSEMBLY_USAGE_OCCURRENCE('10','SwitchBody','',#5,#39,$);
#475 = PRODUCT_RELATED_PRODUCT_CATEGORY('part',$,(#41));
#476 = SHAPE_DEFINITION_REPRESENTATION(#477,#483);
#477 = PRODUCT_DEFINITION_SHAPE('','',#478);
#478 = PRODUCT_DEFINITION('design','',#479,#482);
#479 = PRODUCT_DEFINITION_FORMATION('','',#480);
#480 = PRODUCT('ContactBody','ContactBody','',(#481));
#481 = PRODUCT_CONTEXT('',#2,'mechanical');
#482 = PRODUCT_DEFINITION_CONTEXT('part definition',#2,'design');
#483 = ADVANCED_BREP_SHAPE_REPRESENTATION('',(#11,#484),#1294);
#484 = MANIFOLD_SOLID_BREP('',#485);
#485 = CLOSED_SHELL('',(#486,#606,#682,#758,#834,#910,#986,#1057,#1104,
    #1182,#1260,#1277));
#486 = ADVANCED_FACE('',(#487),#501,.F.);
#487 = FACE_BOUND('',#488,.F.);
#488 = EDGE_LOOP('',(#489,#524,#552,#580));
#489 = ORIENTED_EDGE('',*,*,#490,.T.);
#490 = EDGE_CURVE('',#491,#493,#495,.T.);
#491 = VERTEX_POINT('',#492);
#492 = CARTESIAN_POINT('',(-0.4826,-1.778,-12.7));
#493 = VERTEX_POINT('',#494);
#494 = CARTESIAN_POINT('',(0.4826,-1.778,-12.7));
#495 = SURFACE_CURVE('',#496,(#500,#512),.PCURVE_S1.);
#496 = LINE('',#497,#498);
#497 = CARTESIAN_POINT('',(-0.4826,-1.778,-12.7));
#498 = VECTOR('',#499,1.);
#499 = DIRECTION('',(1.,0.,0.));
#500 = PCURVE('',#501,#506);
#501 = PLANE('',#502);
#502 = AXIS2_PLACEMENT_3D('',#503,#504,#505);
#503 = CARTESIAN_POINT('',(-0.4826,-1.778,-12.7));
#504 = DIRECTION('',(0.,0.,1.));
#505 = DIRECTION('',(0.,1.,0.));
#506 = DEFINITIONAL_REPRESENTATION('',(#507),#511);
#507 = LINE('',#508,#509);
#508 = CARTESIAN_POINT('',(0.,0.));
#509 = VECTOR('',#510,1.);
#510 = DIRECTION('',(0.,-1.));
#511 = ( GEOMETRIC_REPRESENTATION_CONTEXT(2) 
PARAMETRIC_REPRESENTATION_CONTEXT() REPRESENTATION_CONTEXT('2D SPACE',''
  ) );
#512 = PCURVE('',#513,#518);
#513 = PLANE('',#514);
#514 = AXIS2_PLACEMENT_3D('',#515,#516,#517);
#515 = CARTESIAN_POINT('',(-0.4826,-1.778,-2.286));
#516 = DIRECTION('',(0.,1.,0.));
#517 = DIRECTION('',(0.,0.,-1.));
#518 = DEFINITIONAL_REPRESENTATION('',(#519),#523);
#519 = LINE('',#520,#521);
#520 = CARTESIAN_POINT('',(10.414,0.));
#521 = VECTOR('',#522,1.);
#522 = DIRECTION('',(0.,-1.));
#523 = ( GEOMETRIC_REPRESENTATION_CONTEXT(2) 
PARAMETRIC_REPRESENTATION_CONTEXT() REPRESENTATION_CONTEXT('2D SPACE',''
  ) );
#524 = ORIENTED_EDGE('',*,*,#525,.T.);
#525 = EDGE_CURVE('',#493,#526,#528,.T.);
#526 = VERTEX_POINT('',#527);
#527 = CARTESIAN_POINT('',(0.4826,1.778,-12.7));
#528 = SURFACE_CURVE('',#529,(#533,#540),.PCURVE_S1.);
#529 = LINE('',#530,#531);
#530 = CARTESIAN_POINT('',(0.4826,-1.778,-12.7));
#531 = VECTOR('',#532,1.);
#532 = DIRECTION('',(0.,1.,0.));
#533 = PCURVE('',#501,#534);
#534 = DEFINITIONAL_REPRESENTATION('',(#535),#539);
#535 = LINE('',#536,#537);
#536 = CARTESIAN_POINT('',(0.,-0.9652));
#537 = VECTOR('',#538,1.);
#538 = DIRECTION('',(1.,0.));
#539 = ( GEOMETRIC_REPRESENTATION_CONTEXT(2) 
PARAMETRIC_REPRESENTATION_CONTEXT() REPRESENTATION_CONTEXT('2D SPACE',''
  ) );
#540 = PCURVE('',#541,#546);
#541 = PLANE('',#542);
#542 = AXIS2_PLACEMENT_3D('',#543,#544,#545);
#543 = CARTESIAN_POINT('',(0.4826,-8.65260100343E-18,-4.62200971129));
#544 = DIRECTION('',(1.,0.,0.));
#545 = DIRECTION('',(0.,0.,1.));
#546 = DEFINITIONAL_REPRESENTATION('',(#547),#551);
#547 = LINE('',#548,#549);
#548 = CARTESIAN_POINT('',(-8.07799028871,1.778));
#549 = VECTOR('',#550,1.);
#550 = DIRECTION('',(0.,-1.));
#551 = ( GEOMETRIC_REPRESENTATION_CONTEXT(2) 
PARAMETRIC_REPRESENTATION_CONTEXT() REPRESENTATION_CONTEXT('2D SPACE',''
  ) );
#552 = ORIENTED_EDGE('',*,*,#553,.F.);
#553 = EDGE_CURVE('',#554,#526,#556,.T.);
#554 = VERTEX_POINT('',#555);
#555 = CARTESIAN_POINT('',(-0.4826,1.778,-12.7));
#556 = SURFACE_CURVE('',#557,(#561,#568),.PCURVE_S1.);
#557 = LINE('',#558,#559);
#558 = CARTESIAN_POINT('',(-0.4826,1.778,-12.7));
#559 = VECTOR('',#560,1.);
#560 = DIRECTION('',(1.,0.,0.));
#561 = PCURVE('',#501,#562);
#562 = DEFINITIONAL_REPRESENTATION('',(#563),#567);
#563 = LINE('',#564,#565);
#564 = CARTESIAN_POINT('',(3.556,0.));
#565 = VECTOR('',#566,1.);
#566 = DIRECTION('',(0.,-1.));
#567 = ( GEOMETRIC_REPRESENTATION_CONTEXT(2) 
PARAMETRIC_REPRESENTATION_CONTEXT() REPRESENTATION_CONTEXT('2D SPACE',''
  ) );
#568 = PCURVE('',#569,#574);
#569 = PLANE('',#570);
#570 = AXIS2_PLACEMENT_3D('',#571,#572,#573);
#571 = CARTESIAN_POINT('',(-0.4826,1.778,-12.7));
#572 = DIRECTION('',(0.,-1.,0.));
#573 = DIRECTION('',(0.,0.,1.));
#574 = DEFINITIONAL_REPRESENTATION('',(#575),#579);
#575 = LINE('',#576,#577);
#576 = CARTESIAN_POINT('',(0.,0.));
#577 = VECTOR('',#578,1.);
#578 = DIRECTION('',(0.,-1.));
#579 = ( GEOMETRIC_REPRESENTATION_CONTEXT(2) 
PARAMETRIC_REPRESENTATION_CONTEXT() REPRESENTATION_CONTEXT('2D SPACE',''
  ) );
#580 = ORIENTED_EDGE('',*,*,#581,.F.);
#581 = EDGE_CURVE('',#491,#554,#582,.T.);
#582 = SURFACE_CURVE('',#583,(#587,#594),.PCURVE_S1.);
#583 = LINE('',#584,#585);
#584 = CARTESIAN_POINT('',(-0.4826,-1.778,-12.7));
#585 = VECTOR('',#586,1.);
#586 = DIRECTION('',(0.,1.,0.));
#587 = PCURVE('',#501,#588);
#588 = DEFINITIONAL_REPRESENTATION('',(#589),#593);
#589 = LINE('',#590,#591);
#590 = CARTESIAN_POINT('',(0.,0.));
#591 = VECTOR('',#592,1.);
#592 = DIRECTION('',(1.,0.));
#593 = ( GEOMETRIC_REPRESENTATION_CONTEXT(2) 
PARAMETRIC_REPRESENTATION_CONTEXT() REPRESENTATION_CONTEXT('2D SPACE',''
  ) );
#594 = PCURVE('',#595,#600);
#595 = PLANE('',#596);
#596 = AXIS2_PLACEMENT_3D('',#597,#598,#599);
#597 = CARTESIAN_POINT('',(-0.4826,-8.65260100343E-18,-4.62200971129));
#598 = DIRECTION('',(1.,0.,0.));
#599 = DIRECTION('',(0.,0.,1.));
#600 = DEFINITIONAL_REPRESENTATION('',(#601),#605);
#601 = LINE('',#602,#603);
#602 = CARTESIAN_POINT('',(-8.07799028871,1.778));
#603 = VECTOR('',#604,1.);
#604 = DIRECTION('',(0.,-1.));
#605 = ( GEOMETRIC_REPRESENTATION_CONTEXT(2) 
PARAMETRIC_REPRESENTATION_CONTEXT() REPRESENTATION_CONTEXT('2D SPACE',''
  ) );
#606 = ADVANCED_FACE('',(#607),#569,.F.);
#607 = FACE_BOUND('',#608,.F.);
#608 = EDGE_LOOP('',(#609,#610,#633,#661));
#609 = ORIENTED_EDGE('',*,*,#553,.T.);
#610 = ORIENTED_EDGE('',*,*,#611,.T.);
#611 = EDGE_CURVE('',#526,#612,#614,.T.);
#612 = VERTEX_POINT('',#613);
#613 = CARTESIAN_POINT('',(0.4826,1.778,-2.286));
#614 = SURFACE_CURVE('',#615,(#619,#626),.PCURVE_S1.);
#615 = LINE('',#616,#617);
#616 = CARTESIAN_POINT('',(0.4826,1.778,-12.7));
#617 = VECTOR('',#618,1.);
#618 = DIRECTION('',(0.,0.,1.));
#619 = PCURVE('',#569,#620);
#620 = DEFINITIONAL_REPRESENTATION('',(#621),#625);
#621 = LINE('',#622,#623);
#622 = CARTESIAN_POINT('',(0.,-0.9652));
#623 = VECTOR('',#624,1.);
#624 = DIRECTION('',(1.,0.));
#625 = ( GEOMETRIC_REPRESENTATION_CONTEXT(2) 
PARAMETRIC_REPRESENTATION_CONTEXT() REPRESENTATION_CONTEXT('2D SPACE',''
  ) );
#626 = PCURVE('',#541,#627);
#627 = DEFINITIONAL_REPRESENTATION('',(#628),#632);
#628 = LINE('',#629,#630);
#629 = CARTESIAN_POINT('',(-8.07799028871,-1.778));
#630 = VECTOR('',#631,1.);
#631 = DIRECTION('',(1.,0.));
#632 = ( GEOMETRIC_REPRESENTATION_CONTEXT(2) 
PARAMETRIC_REPRESENTATION_CONTEXT() REPRESENTATION_CONTEXT('2D SPACE',''
  ) );
#633 = ORIENTED_EDGE('',*,*,#634,.F.);
#634 = EDGE_CURVE('',#635,#612,#637,.T.);
#635 = VERTEX_POINT('',#636);
#636 = CARTESIAN_POINT('',(-0.4826,1.778,-2.286));
#637 = SURFACE_CURVE('',#638,(#642,#649),.PCURVE_S1.);
#638 = LINE('',#639,#640);
#639 = CARTESIAN_POINT('',(-0.4826,1.778,-2.286));
#640 = VECTOR('',#641,1.);
#641 = DIRECTION('',(1.,0.,0.));
#642 = PCURVE('',#569,#643);
#643 = DEFINITIONAL_REPRESENTATION('',(#644),#648);
#644 = LINE('',#645,#646);
#645 = CARTESIAN_POINT('',(10.414,0.));
#646 = VECTOR('',#647,1.);
#647 = DIRECTION('',(0.,-1.));
#648 = ( GEOMETRIC_REPRESENTATION_CONTEXT(2) 
PARAMETRIC_REPRESENTATION_CONTEXT() REPRESENTATION_CONTEXT('2D SPACE',''
  ) );
#649 = PCURVE('',#650,#655);
#650 = PLANE('',#651);
#651 = AXIS2_PLACEMENT_3D('',#652,#653,#654);
#652 = CARTESIAN_POINT('',(-0.4826,1.778,-2.286));
#653 = DIRECTION('',(0.,0.,1.));
#654 = DIRECTION('',(0.,1.,0.));
#655 = DEFINITIONAL_REPRESENTATION('',(#656),#660);
#656 = LINE('',#657,#658);
#657 = CARTESIAN_POINT('',(0.,0.));
#658 = VECTOR('',#659,1.);
#659 = DIRECTION('',(0.,-1.));
#660 = ( GEOMETRIC_REPRESENTATION_CONTEXT(2) 
PARAMETRIC_REPRESENTATION_CONTEXT() REPRESENTATION_CONTEXT('2D SPACE',''
  ) );
#661 = ORIENTED_EDGE('',*,*,#662,.F.);
#662 = EDGE_CURVE('',#554,#635,#663,.T.);
#663 = SURFACE_CURVE('',#664,(#668,#675),.PCURVE_S1.);
#664 = LINE('',#665,#666);
#665 = CARTESIAN_POINT('',(-0.4826,1.778,-12.7));
#666 = VECTOR('',#667,1.);
#667 = DIRECTION('',(0.,0.,1.));
#668 = PCURVE('',#569,#669);
#669 = DEFINITIONAL_REPRESENTATION('',(#670),#674);
#670 = LINE('',#671,#672);
#671 = CARTESIAN_POINT('',(0.,0.));
#672 = VECTOR('',#673,1.);
#673 = DIRECTION('',(1.,0.));
#674 = ( GEOMETRIC_REPRESENTATION_CONTEXT(2) 
PARAMETRIC_REPRESENTATION_CONTEXT() REPRESENTATION_CONTEXT('2D SPACE',''
  ) );
#675 = PCURVE('',#595,#676);
#676 = DEFINITIONAL_REPRESENTATION('',(#677),#681);
#677 = LINE('',#678,#679);
#678 = CARTESIAN_POINT('',(-8.07799028871,-1.778));
#679 = VECTOR('',#680,1.);
#680 = DIRECTION('',(1.,0.));
#681 = ( GEOMETRIC_REPRESENTATION_CONTEXT(2) 
PARAMETRIC_REPRESENTATION_CONTEXT() REPRESENTATION_CONTEXT('2D SPACE',''
  ) );
#682 = ADVANCED_FACE('',(#683),#650,.F.);
#683 = FACE_BOUND('',#684,.F.);
#684 = EDGE_LOOP('',(#685,#686,#709,#737));
#685 = ORIENTED_EDGE('',*,*,#634,.T.);
#686 = ORIENTED_EDGE('',*,*,#687,.T.);
#687 = EDGE_CURVE('',#612,#688,#690,.T.);
#688 = VERTEX_POINT('',#689);
#689 = CARTESIAN_POINT('',(0.4826,2.286,-2.286));
#690 = SURFACE_CURVE('',#691,(#695,#702),.PCURVE_S1.);
#691 = LINE('',#692,#693);
#692 = CARTESIAN_POINT('',(0.4826,1.778,-2.286));
#693 = VECTOR('',#694,1.);
#694 = DIRECTION('',(0.,1.,0.));
#695 = PCURVE('',#650,#696);
#696 = DEFINITIONAL_REPRESENTATION('',(#697),#701);
#697 = LINE('',#698,#699);
#698 = CARTESIAN_POINT('',(0.,-0.9652));
#699 = VECTOR('',#700,1.);
#700 = DIRECTION('',(1.,0.));
#701 = ( GEOMETRIC_REPRESENTATION_CONTEXT(2) 
PARAMETRIC_REPRESENTATION_CONTEXT() REPRESENTATION_CONTEXT('2D SPACE',''
  ) );
#702 = PCURVE('',#541,#703);
#703 = DEFINITIONAL_REPRESENTATION('',(#704),#708);
#704 = LINE('',#705,#706);
#705 = CARTESIAN_POINT('',(2.33600971129,-1.778));
#706 = VECTOR('',#707,1.);
#707 = DIRECTION('',(0.,-1.));
#708 = ( GEOMETRIC_REPRESENTATION_CONTEXT(2) 
PARAMETRIC_REPRESENTATION_CONTEXT() REPRESENTATION_CONTEXT('2D SPACE',''
  ) );
#709 = ORIENTED_EDGE('',*,*,#710,.F.);
#710 = EDGE_CURVE('',#711,#688,#713,.T.);
#711 = VERTEX_POINT('',#712);
#712 = CARTESIAN_POINT('',(-0.4826,2.286,-2.286));
#713 = SURFACE_CURVE('',#714,(#718,#725),.PCURVE_S1.);
#714 = LINE('',#715,#716);
#715 = CARTESIAN_POINT('',(-0.4826,2.286,-2.286));
#716 = VECTOR('',#717,1.);
#717 = DIRECTION('',(1.,0.,0.));
#718 = PCURVE('',#650,#719);
#719 = DEFINITIONAL_REPRESENTATION('',(#720),#724);
#720 = LINE('',#721,#722);
#721 = CARTESIAN_POINT('',(0.508,0.));
#722 = VECTOR('',#723,1.);
#723 = DIRECTION('',(0.,-1.));
#724 = ( GEOMETRIC_REPRESENTATION_CONTEXT(2) 
PARAMETRIC_REPRESENTATION_CONTEXT() REPRESENTATION_CONTEXT('2D SPACE',''
  ) );
#725 = PCURVE('',#726,#731);
#726 = PLANE('',#727);
#727 = AXIS2_PLACEMENT_3D('',#728,#729,#730);
#728 = CARTESIAN_POINT('',(-0.4826,2.286,-2.286));
#729 = DIRECTION('',(0.,-1.,0.));
#730 = DIRECTION('',(0.,0.,1.));
#731 = DEFINITIONAL_REPRESENTATION('',(#732),#736);
#732 = LINE('',#733,#734);
#733 = CARTESIAN_POINT('',(0.,0.));
#734 = VECTOR('',#735,1.);
#735 = DIRECTION('',(0.,-1.));
#736 = ( GEOMETRIC_REPRESENTATION_CONTEXT(2) 
PARAMETRIC_REPRESENTATION_CONTEXT() REPRESENTATION_CONTEXT('2D SPACE',''
  ) );
#737 = ORIENTED_EDGE('',*,*,#738,.F.);
#738 = EDGE_CURVE('',#635,#711,#739,.T.);
#739 = SURFACE_CURVE('',#740,(#744,#751),.PCURVE_S1.);
#740 = LINE('',#741,#742);
#741 = CARTESIAN_POINT('',(-0.4826,1.778,-2.286));
#742 = VECTOR('',#743,1.);
#743 = DIRECTION('',(0.,1.,0.));
#744 = PCURVE('',#650,#745);
#745 = DEFINITIONAL_REPRESENTATION('',(#746),#750);
#746 = LINE('',#747,#748);
#747 = CARTESIAN_POINT('',(0.,0.));
#748 = VECTOR('',#749,1.);
#749 = DIRECTION('',(1.,0.));
#750 = ( GEOMETRIC_REPRESENTATION_CONTEXT(2) 
PARAMETRIC_REPRESENTATION_CONTEXT() REPRESENTATION_CONTEXT('2D SPACE',''
  ) );
#751 = PCURVE('',#595,#752);
#752 = DEFINITIONAL_REPRESENTATION('',(#753),#757);
#753 = LINE('',#754,#755);
#754 = CARTESIAN_POINT('',(2.33600971129,-1.778));
#755 = VECTOR('',#756,1.);
#756 = DIRECTION('',(0.,-1.));
#757 = ( GEOMETRIC_REPRESENTATION_CONTEXT(2) 
PARAMETRIC_REPRESENTATION_CONTEXT() REPRESENTATION_CONTEXT('2D SPACE',''
  ) );
#758 = ADVANCED_FACE('',(#759),#726,.F.);
#759 = FACE_BOUND('',#760,.F.);
#760 = EDGE_LOOP('',(#761,#762,#785,#813));
#761 = ORIENTED_EDGE('',*,*,#710,.T.);
#762 = ORIENTED_EDGE('',*,*,#763,.T.);
#763 = EDGE_CURVE('',#688,#764,#766,.T.);
#764 = VERTEX_POINT('',#765);
#765 = CARTESIAN_POINT('',(0.4826,2.286,2.286));
#766 = SURFACE_CURVE('',#767,(#771,#778),.PCURVE_S1.);
#767 = LINE('',#768,#769);
#768 = CARTESIAN_POINT('',(0.4826,2.286,-2.286));
#769 = VECTOR('',#770,1.);
#770 = DIRECTION('',(0.,0.,1.));
#771 = PCURVE('',#726,#772);
#772 = DEFINITIONAL_REPRESENTATION('',(#773),#777);
#773 = LINE('',#774,#775);
#774 = CARTESIAN_POINT('',(0.,-0.9652));
#775 = VECTOR('',#776,1.);
#776 = DIRECTION('',(1.,0.));
#777 = ( GEOMETRIC_REPRESENTATION_CONTEXT(2) 
PARAMETRIC_REPRESENTATION_CONTEXT() REPRESENTATION_CONTEXT('2D SPACE',''
  ) );
#778 = PCURVE('',#541,#779);
#779 = DEFINITIONAL_REPRESENTATION('',(#780),#784);
#780 = LINE('',#781,#782);
#781 = CARTESIAN_POINT('',(2.33600971129,-2.286));
#782 = VECTOR('',#783,1.);
#783 = DIRECTION('',(1.,0.));
#784 = ( GEOMETRIC_REPRESENTATION_CONTEXT(2) 
PARAMETRIC_REPRESENTATION_CONTEXT() REPRESENTATION_CONTEXT('2D SPACE',''
  ) );
#785 = ORIENTED_EDGE('',*,*,#786,.F.);
#786 = EDGE_CURVE('',#787,#764,#789,.T.);
#787 = VERTEX_POINT('',#788);
#788 = CARTESIAN_POINT('',(-0.4826,2.286,2.286));
#789 = SURFACE_CURVE('',#790,(#794,#801),.PCURVE_S1.);
#790 = LINE('',#791,#792);
#791 = CARTESIAN_POINT('',(-0.4826,2.286,2.286));
#792 = VECTOR('',#793,1.);
#793 = DIRECTION('',(1.,0.,0.));
#794 = PCURVE('',#726,#795);
#795 = DEFINITIONAL_REPRESENTATION('',(#796),#800);
#796 = LINE('',#797,#798);
#797 = CARTESIAN_POINT('',(4.572,0.));
#798 = VECTOR('',#799,1.);
#799 = DIRECTION('',(0.,-1.));
#800 = ( GEOMETRIC_REPRESENTATION_CONTEXT(2) 
PARAMETRIC_REPRESENTATION_CONTEXT() REPRESENTATION_CONTEXT('2D SPACE',''
  ) );
#801 = PCURVE('',#802,#807);
#802 = PLANE('',#803);
#803 = AXIS2_PLACEMENT_3D('',#804,#805,#806);
#804 = CARTESIAN_POINT('',(-0.4826,2.286,2.286));
#805 = DIRECTION('',(0.,0.,-1.));
#806 = DIRECTION('',(0.,-1.,0.));
#807 = DEFINITIONAL_REPRESENTATION('',(#808),#812);
#808 = LINE('',#809,#810);
#809 = CARTESIAN_POINT('',(0.,-0.));
#810 = VECTOR('',#811,1.);
#811 = DIRECTION('',(0.,-1.));
#812 = ( GEOMETRIC_REPRESENTATION_CONTEXT(2) 
PARAMETRIC_REPRESENTATION_CONTEXT() REPRESENTATION_CONTEXT('2D SPACE',''
  ) );
#813 = ORIENTED_EDGE('',*,*,#814,.F.);
#814 = EDGE_CURVE('',#711,#787,#815,.T.);
#815 = SURFACE_CURVE('',#816,(#820,#827),.PCURVE_S1.);
#816 = LINE('',#817,#818);
#817 = CARTESIAN_POINT('',(-0.4826,2.286,-2.286));
#818 = VECTOR('',#819,1.);
#819 = DIRECTION('',(0.,0.,1.));
#820 = PCURVE('',#726,#821);
#821 = DEFINITIONAL_REPRESENTATION('',(#822),#826);
#822 = LINE('',#823,#824);
#823 = CARTESIAN_POINT('',(0.,0.));
#824 = VECTOR('',#825,1.);
#825 = DIRECTION('',(1.,0.));
#826 = ( GEOMETRIC_REPRESENTATION_CONTEXT(2) 
PARAMETRIC_REPRESENTATION_CONTEXT() REPRESENTATION_CONTEXT('2D SPACE',''
  ) );
#827 = PCURVE('',#595,#828);
#828 = DEFINITIONAL_REPRESENTATION('',(#829),#833);
#829 = LINE('',#830,#831);
#830 = CARTESIAN_POINT('',(2.33600971129,-2.286));
#831 = VECTOR('',#832,1.);
#832 = DIRECTION('',(1.,0.));
#833 = ( GEOMETRIC_REPRESENTATION_CONTEXT(2) 
PARAMETRIC_REPRESENTATION_CONTEXT() REPRESENTATION_CONTEXT('2D SPACE',''
  ) );
#834 = ADVANCED_FACE('',(#835),#802,.F.);
#835 = FACE_BOUND('',#836,.F.);
#836 = EDGE_LOOP('',(#837,#838,#861,#889));
#837 = ORIENTED_EDGE('',*,*,#786,.T.);
#838 = ORIENTED_EDGE('',*,*,#839,.T.);
#839 = EDGE_CURVE('',#764,#840,#842,.T.);
#840 = VERTEX_POINT('',#841);
#841 = CARTESIAN_POINT('',(0.4826,-2.286,2.286));
#842 = SURFACE_CURVE('',#843,(#847,#854),.PCURVE_S1.);
#843 = LINE('',#844,#845);
#844 = CARTESIAN_POINT('',(0.4826,2.286,2.286));
#845 = VECTOR('',#846,1.);
#846 = DIRECTION('',(0.,-1.,0.));
#847 = PCURVE('',#802,#848);
#848 = DEFINITIONAL_REPRESENTATION('',(#849),#853);
#849 = LINE('',#850,#851);
#850 = CARTESIAN_POINT('',(0.,-0.9652));
#851 = VECTOR('',#852,1.);
#852 = DIRECTION('',(1.,0.));
#853 = ( GEOMETRIC_REPRESENTATION_CONTEXT(2) 
PARAMETRIC_REPRESENTATION_CONTEXT() REPRESENTATION_CONTEXT('2D SPACE',''
  ) );
#854 = PCURVE('',#541,#855);
#855 = DEFINITIONAL_REPRESENTATION('',(#856),#860);
#856 = LINE('',#857,#858);
#857 = CARTESIAN_POINT('',(6.90800971129,-2.286));
#858 = VECTOR('',#859,1.);
#859 = DIRECTION('',(0.,1.));
#860 = ( GEOMETRIC_REPRESENTATION_CONTEXT(2) 
PARAMETRIC_REPRESENTATION_CONTEXT() REPRESENTATION_CONTEXT('2D SPACE',''
  ) );
#861 = ORIENTED_EDGE('',*,*,#862,.F.);
#862 = EDGE_CURVE('',#863,#840,#865,.T.);
#863 = VERTEX_POINT('',#864);
#864 = CARTESIAN_POINT('',(-0.4826,-2.286,2.286));
#865 = SURFACE_CURVE('',#866,(#870,#877),.PCURVE_S1.);
#866 = LINE('',#867,#868);
#867 = CARTESIAN_POINT('',(-0.4826,-2.286,2.286));
#868 = VECTOR('',#869,1.);
#869 = DIRECTION('',(1.,0.,0.));
#870 = PCURVE('',#802,#871);
#871 = DEFINITIONAL_REPRESENTATION('',(#872),#876);
#872 = LINE('',#873,#874);
#873 = CARTESIAN_POINT('',(4.572,0.));
#874 = VECTOR('',#875,1.);
#875 = DIRECTION('',(0.,-1.));
#876 = ( GEOMETRIC_REPRESENTATION_CONTEXT(2) 
PARAMETRIC_REPRESENTATION_CONTEXT() REPRESENTATION_CONTEXT('2D SPACE',''
  ) );
#877 = PCURVE('',#878,#883);
#878 = PLANE('',#879);
#879 = AXIS2_PLACEMENT_3D('',#880,#881,#882);
#880 = CARTESIAN_POINT('',(-0.4826,-2.286,2.286));
#881 = DIRECTION('',(0.,1.,0.));
#882 = DIRECTION('',(0.,0.,-1.));
#883 = DEFINITIONAL_REPRESENTATION('',(#884),#888);
#884 = LINE('',#885,#886);
#885 = CARTESIAN_POINT('',(0.,0.));
#886 = VECTOR('',#887,1.);
#887 = DIRECTION('',(0.,-1.));
#888 = ( GEOMETRIC_REPRESENTATION_CONTEXT(2) 
PARAMETRIC_REPRESENTATION_CONTEXT() REPRESENTATION_CONTEXT('2D SPACE',''
  ) );
#889 = ORIENTED_EDGE('',*,*,#890,.F.);
#890 = EDGE_CURVE('',#787,#863,#891,.T.);
#891 = SURFACE_CURVE('',#892,(#896,#903),.PCURVE_S1.);
#892 = LINE('',#893,#894);
#893 = CARTESIAN_POINT('',(-0.4826,2.286,2.286));
#894 = VECTOR('',#895,1.);
#895 = DIRECTION('',(0.,-1.,0.));
#896 = PCURVE('',#802,#897);
#897 = DEFINITIONAL_REPRESENTATION('',(#898),#902);
#898 = LINE('',#899,#900);
#899 = CARTESIAN_POINT('',(0.,-0.));
#900 = VECTOR('',#901,1.);
#901 = DIRECTION('',(1.,0.));
#902 = ( GEOMETRIC_REPRESENTATION_CONTEXT(2) 
PARAMETRIC_REPRESENTATION_CONTEXT() REPRESENTATION_CONTEXT('2D SPACE',''
  ) );
#903 = PCURVE('',#595,#904);
#904 = DEFINITIONAL_REPRESENTATION('',(#905),#909);
#905 = LINE('',#906,#907);
#906 = CARTESIAN_POINT('',(6.90800971129,-2.286));
#907 = VECTOR('',#908,1.);
#908 = DIRECTION('',(0.,1.));
#909 = ( GEOMETRIC_REPRESENTATION_CONTEXT(2) 
PARAMETRIC_REPRESENTATION_CONTEXT() REPRESENTATION_CONTEXT('2D SPACE',''
  ) );
#910 = ADVANCED_FACE('',(#911),#878,.F.);
#911 = FACE_BOUND('',#912,.F.);
#912 = EDGE_LOOP('',(#913,#914,#937,#965));
#913 = ORIENTED_EDGE('',*,*,#862,.T.);
#914 = ORIENTED_EDGE('',*,*,#915,.T.);
#915 = EDGE_CURVE('',#840,#916,#918,.T.);
#916 = VERTEX_POINT('',#917);
#917 = CARTESIAN_POINT('',(0.4826,-2.286,-2.286));
#918 = SURFACE_CURVE('',#919,(#923,#930),.PCURVE_S1.);
#919 = LINE('',#920,#921);
#920 = CARTESIAN_POINT('',(0.4826,-2.286,2.286));
#921 = VECTOR('',#922,1.);
#922 = DIRECTION('',(0.,0.,-1.));
#923 = PCURVE('',#878,#924);
#924 = DEFINITIONAL_REPRESENTATION('',(#925),#929);
#925 = LINE('',#926,#927);
#926 = CARTESIAN_POINT('',(0.,-0.9652));
#927 = VECTOR('',#928,1.);
#928 = DIRECTION('',(1.,0.));
#929 = ( GEOMETRIC_REPRESENTATION_CONTEXT(2) 
PARAMETRIC_REPRESENTATION_CONTEXT() REPRESENTATION_CONTEXT('2D SPACE',''
  ) );
#930 = PCURVE('',#541,#931);
#931 = DEFINITIONAL_REPRESENTATION('',(#932),#936);
#932 = LINE('',#933,#934);
#933 = CARTESIAN_POINT('',(6.90800971129,2.286));
#934 = VECTOR('',#935,1.);
#935 = DIRECTION('',(-1.,0.));
#936 = ( GEOMETRIC_REPRESENTATION_CONTEXT(2) 
PARAMETRIC_REPRESENTATION_CONTEXT() REPRESENTATION_CONTEXT('2D SPACE',''
  ) );
#937 = ORIENTED_EDGE('',*,*,#938,.F.);
#938 = EDGE_CURVE('',#939,#916,#941,.T.);
#939 = VERTEX_POINT('',#940);
#940 = CARTESIAN_POINT('',(-0.4826,-2.286,-2.286));
#941 = SURFACE_CURVE('',#942,(#946,#953),.PCURVE_S1.);
#942 = LINE('',#943,#944);
#943 = CARTESIAN_POINT('',(-0.4826,-2.286,-2.286));
#944 = VECTOR('',#945,1.);
#945 = DIRECTION('',(1.,0.,0.));
#946 = PCURVE('',#878,#947);
#947 = DEFINITIONAL_REPRESENTATION('',(#948),#952);
#948 = LINE('',#949,#950);
#949 = CARTESIAN_POINT('',(4.572,0.));
#950 = VECTOR('',#951,1.);
#951 = DIRECTION('',(0.,-1.));
#952 = ( GEOMETRIC_REPRESENTATION_CONTEXT(2) 
PARAMETRIC_REPRESENTATION_CONTEXT() REPRESENTATION_CONTEXT('2D SPACE',''
  ) );
#953 = PCURVE('',#954,#959);
#954 = PLANE('',#955);
#955 = AXIS2_PLACEMENT_3D('',#956,#957,#958);
#956 = CARTESIAN_POINT('',(-0.4826,-2.286,-2.286));
#957 = DIRECTION('',(0.,0.,1.));
#958 = DIRECTION('',(0.,1.,0.));
#959 = DEFINITIONAL_REPRESENTATION('',(#960),#964);
#960 = LINE('',#961,#962);
#961 = CARTESIAN_POINT('',(0.,0.));
#962 = VECTOR('',#963,1.);
#963 = DIRECTION('',(0.,-1.));
#964 = ( GEOMETRIC_REPRESENTATION_CONTEXT(2) 
PARAMETRIC_REPRESENTATION_CONTEXT() REPRESENTATION_CONTEXT('2D SPACE',''
  ) );
#965 = ORIENTED_EDGE('',*,*,#966,.F.);
#966 = EDGE_CURVE('',#863,#939,#967,.T.);
#967 = SURFACE_CURVE('',#968,(#972,#979),.PCURVE_S1.);
#968 = LINE('',#969,#970);
#969 = CARTESIAN_POINT('',(-0.4826,-2.286,2.286));
#970 = VECTOR('',#971,1.);
#971 = DIRECTION('',(0.,0.,-1.));
#972 = PCURVE('',#878,#973);
#973 = DEFINITIONAL_REPRESENTATION('',(#974),#978);
#974 = LINE('',#975,#976);
#975 = CARTESIAN_POINT('',(0.,0.));
#976 = VECTOR('',#977,1.);
#977 = DIRECTION('',(1.,0.));
#978 = ( GEOMETRIC_REPRESENTATION_CONTEXT(2) 
PARAMETRIC_REPRESENTATION_CONTEXT() REPRESENTATION_CONTEXT('2D SPACE',''
  ) );
#979 = PCURVE('',#595,#980);
#980 = DEFINITIONAL_REPRESENTATION('',(#981),#985);
#981 = LINE('',#982,#983);
#982 = CARTESIAN_POINT('',(6.90800971129,2.286));
#983 = VECTOR('',#984,1.);
#984 = DIRECTION('',(-1.,0.));
#985 = ( GEOMETRIC_REPRESENTATION_CONTEXT(2) 
PARAMETRIC_REPRESENTATION_CONTEXT() REPRESENTATION_CONTEXT('2D SPACE',''
  ) );
#986 = ADVANCED_FACE('',(#987),#954,.F.);
#987 = FACE_BOUND('',#988,.F.);
#988 = EDGE_LOOP('',(#989,#990,#1013,#1036));
#989 = ORIENTED_EDGE('',*,*,#938,.T.);
#990 = ORIENTED_EDGE('',*,*,#991,.T.);
#991 = EDGE_CURVE('',#916,#992,#994,.T.);
#992 = VERTEX_POINT('',#993);
#993 = CARTESIAN_POINT('',(0.4826,-1.778,-2.286));
#994 = SURFACE_CURVE('',#995,(#999,#1006),.PCURVE_S1.);
#995 = LINE('',#996,#997);
#996 = CARTESIAN_POINT('',(0.4826,-2.286,-2.286));
#997 = VECTOR('',#998,1.);
#998 = DIRECTION('',(0.,1.,0.));
#999 = PCURVE('',#954,#1000);
#1000 = DEFINITIONAL_REPRESENTATION('',(#1001),#1005);
#1001 = LINE('',#1002,#1003);
#1002 = CARTESIAN_POINT('',(0.,-0.9652));
#1003 = VECTOR('',#1004,1.);
#1004 = DIRECTION('',(1.,0.));
#1005 = ( GEOMETRIC_REPRESENTATION_CONTEXT(2) 
PARAMETRIC_REPRESENTATION_CONTEXT() REPRESENTATION_CONTEXT('2D SPACE',''
  ) );
#1006 = PCURVE('',#541,#1007);
#1007 = DEFINITIONAL_REPRESENTATION('',(#1008),#1012);
#1008 = LINE('',#1009,#1010);
#1009 = CARTESIAN_POINT('',(2.33600971129,2.286));
#1010 = VECTOR('',#1011,1.);
#1011 = DIRECTION('',(0.,-1.));
#1012 = ( GEOMETRIC_REPRESENTATION_CONTEXT(2) 
PARAMETRIC_REPRESENTATION_CONTEXT() REPRESENTATION_CONTEXT('2D SPACE',''
  ) );
#1013 = ORIENTED_EDGE('',*,*,#1014,.F.);
#1014 = EDGE_CURVE('',#1015,#992,#1017,.T.);
#1015 = VERTEX_POINT('',#1016);
#1016 = CARTESIAN_POINT('',(-0.4826,-1.778,-2.286));
#1017 = SURFACE_CURVE('',#1018,(#1022,#1029),.PCURVE_S1.);
#1018 = LINE('',#1019,#1020);
#1019 = CARTESIAN_POINT('',(-0.4826,-1.778,-2.286));
#1020 = VECTOR('',#1021,1.);
#1021 = DIRECTION('',(1.,0.,0.));
#1022 = PCURVE('',#954,#1023);
#1023 = DEFINITIONAL_REPRESENTATION('',(#1024),#1028);
#1024 = LINE('',#1025,#1026);
#1025 = CARTESIAN_POINT('',(0.508,0.));
#1026 = VECTOR('',#1027,1.);
#1027 = DIRECTION('',(0.,-1.));
#1028 = ( GEOMETRIC_REPRESENTATION_CONTEXT(2) 
PARAMETRIC_REPRESENTATION_CONTEXT() REPRESENTATION_CONTEXT('2D SPACE',''
  ) );
#1029 = PCURVE('',#513,#1030);
#1030 = DEFINITIONAL_REPRESENTATION('',(#1031),#1035);
#1031 = LINE('',#1032,#1033);
#1032 = CARTESIAN_POINT('',(0.,0.));
#1033 = VECTOR('',#1034,1.);
#1034 = DIRECTION('',(0.,-1.));
#1035 = ( GEOMETRIC_REPRESENTATION_CONTEXT(2) 
PARAMETRIC_REPRESENTATION_CONTEXT() REPRESENTATION_CONTEXT('2D SPACE',''
  ) );
#1036 = ORIENTED_EDGE('',*,*,#1037,.F.);
#1037 = EDGE_CURVE('',#939,#1015,#1038,.T.);
#1038 = SURFACE_CURVE('',#1039,(#1043,#1050),.PCURVE_S1.);
#1039 = LINE('',#1040,#1041);
#1040 = CARTESIAN_POINT('',(-0.4826,-2.286,-2.286));
#1041 = VECTOR('',#1042,1.);
#1042 = DIRECTION('',(0.,1.,0.));
#1043 = PCURVE('',#954,#1044);
#1044 = DEFINITIONAL_REPRESENTATION('',(#1045),#1049);
#1045 = LINE('',#1046,#1047);
#1046 = CARTESIAN_POINT('',(0.,0.));
#1047 = VECTOR('',#1048,1.);
#1048 = DIRECTION('',(1.,0.));
#1049 = ( GEOMETRIC_REPRESENTATION_CONTEXT(2) 
PARAMETRIC_REPRESENTATION_CONTEXT() REPRESENTATION_CONTEXT('2D SPACE',''
  ) );
#1050 = PCURVE('',#595,#1051);
#1051 = DEFINITIONAL_REPRESENTATION('',(#1052),#1056);
#1052 = LINE('',#1053,#1054);
#1053 = CARTESIAN_POINT('',(2.33600971129,2.286));
#1054 = VECTOR('',#1055,1.);
#1055 = DIRECTION('',(0.,-1.));
#1056 = ( GEOMETRIC_REPRESENTATION_CONTEXT(2) 
PARAMETRIC_REPRESENTATION_CONTEXT() REPRESENTATION_CONTEXT('2D SPACE',''
  ) );
#1057 = ADVANCED_FACE('',(#1058),#513,.F.);
#1058 = FACE_BOUND('',#1059,.F.);
#1059 = EDGE_LOOP('',(#1060,#1061,#1082,#1083));
#1060 = ORIENTED_EDGE('',*,*,#1014,.T.);
#1061 = ORIENTED_EDGE('',*,*,#1062,.T.);
#1062 = EDGE_CURVE('',#992,#493,#1063,.T.);
#1063 = SURFACE_CURVE('',#1064,(#1068,#1075),.PCURVE_S1.);
#1064 = LINE('',#1065,#1066);
#1065 = CARTESIAN_POINT('',(0.4826,-1.778,-2.286));
#1066 = VECTOR('',#1067,1.);
#1067 = DIRECTION('',(0.,0.,-1.));
#1068 = PCURVE('',#513,#1069);
#1069 = DEFINITIONAL_REPRESENTATION('',(#1070),#1074);
#1070 = LINE('',#1071,#1072);
#1071 = CARTESIAN_POINT('',(0.,-0.9652));
#1072 = VECTOR('',#1073,1.);
#1073 = DIRECTION('',(1.,0.));
#1074 = ( GEOMETRIC_REPRESENTATION_CONTEXT(2) 
PARAMETRIC_REPRESENTATION_CONTEXT() REPRESENTATION_CONTEXT('2D SPACE',''
  ) );
#1075 = PCURVE('',#541,#1076);
#1076 = DEFINITIONAL_REPRESENTATION('',(#1077),#1081);
#1077 = LINE('',#1078,#1079);
#1078 = CARTESIAN_POINT('',(2.33600971129,1.778));
#1079 = VECTOR('',#1080,1.);
#1080 = DIRECTION('',(-1.,0.));
#1081 = ( GEOMETRIC_REPRESENTATION_CONTEXT(2) 
PARAMETRIC_REPRESENTATION_CONTEXT() REPRESENTATION_CONTEXT('2D SPACE',''
  ) );
#1082 = ORIENTED_EDGE('',*,*,#490,.F.);
#1083 = ORIENTED_EDGE('',*,*,#1084,.F.);
#1084 = EDGE_CURVE('',#1015,#491,#1085,.T.);
#1085 = SURFACE_CURVE('',#1086,(#1090,#1097),.PCURVE_S1.);
#1086 = LINE('',#1087,#1088);
#1087 = CARTESIAN_POINT('',(-0.4826,-1.778,-2.286));
#1088 = VECTOR('',#1089,1.);
#1089 = DIRECTION('',(0.,0.,-1.));
#1090 = PCURVE('',#513,#1091);
#1091 = DEFINITIONAL_REPRESENTATION('',(#1092),#1096);
#1092 = LINE('',#1093,#1094);
#1093 = CARTESIAN_POINT('',(0.,0.));
#1094 = VECTOR('',#1095,1.);
#1095 = DIRECTION('',(1.,0.));
#1096 = ( GEOMETRIC_REPRESENTATION_CONTEXT(2) 
PARAMETRIC_REPRESENTATION_CONTEXT() REPRESENTATION_CONTEXT('2D SPACE',''
  ) );
#1097 = PCURVE('',#595,#1098);
#1098 = DEFINITIONAL_REPRESENTATION('',(#1099),#1103);
#1099 = LINE('',#1100,#1101);
#1100 = CARTESIAN_POINT('',(2.33600971129,1.778));
#1101 = VECTOR('',#1102,1.);
#1102 = DIRECTION('',(-1.,0.));
#1103 = ( GEOMETRIC_REPRESENTATION_CONTEXT(2) 
PARAMETRIC_REPRESENTATION_CONTEXT() REPRESENTATION_CONTEXT('2D SPACE',''
  ) );
#1104 = ADVANCED_FACE('',(#1105),#1119,.F.);
#1105 = FACE_BOUND('',#1106,.T.);
#1106 = EDGE_LOOP('',(#1107,#1137,#1159,#1160));
#1107 = ORIENTED_EDGE('',*,*,#1108,.T.);
#1108 = EDGE_CURVE('',#1109,#1111,#1113,.T.);
#1109 = VERTEX_POINT('',#1110);
#1110 = CARTESIAN_POINT('',(-0.4826,1.524,0.));
#1111 = VERTEX_POINT('',#1112);
#1112 = CARTESIAN_POINT('',(0.4826,1.524,0.));
#1113 = SEAM_CURVE('',#1114,(#1118,#1130),.PCURVE_S1.);
#1114 = LINE('',#1115,#1116);
#1115 = CARTESIAN_POINT('',(-0.4826,1.524,0.));
#1116 = VECTOR('',#1117,1.);
#1117 = DIRECTION('',(1.,0.,0.));
#1118 = PCURVE('',#1119,#1124);
#1119 = CYLINDRICAL_SURFACE('',#1120,1.524);
#1120 = AXIS2_PLACEMENT_3D('',#1121,#1122,#1123);
#1121 = CARTESIAN_POINT('',(-0.4826,0.,0.));
#1122 = DIRECTION('',(-1.,-0.,-0.));
#1123 = DIRECTION('',(0.,1.,0.));
#1124 = DEFINITIONAL_REPRESENTATION('',(#1125),#1129);
#1125 = LINE('',#1126,#1127);
#1126 = CARTESIAN_POINT('',(-0.,0.));
#1127 = VECTOR('',#1128,1.);
#1128 = DIRECTION('',(-0.,-1.));
#1129 = ( GEOMETRIC_REPRESENTATION_CONTEXT(2) 
PARAMETRIC_REPRESENTATION_CONTEXT() REPRESENTATION_CONTEXT('2D SPACE',''
  ) );
#1130 = PCURVE('',#1119,#1131);
#1131 = DEFINITIONAL_REPRESENTATION('',(#1132),#1136);
#1132 = LINE('',#1133,#1134);
#1133 = CARTESIAN_POINT('',(-6.28318530718,0.));
#1134 = VECTOR('',#1135,1.);
#1135 = DIRECTION('',(-0.,-1.));
#1136 = ( GEOMETRIC_REPRESENTATION_CONTEXT(2) 
PARAMETRIC_REPRESENTATION_CONTEXT() REPRESENTATION_CONTEXT('2D SPACE',''
  ) );
#1137 = ORIENTED_EDGE('',*,*,#1138,.T.);
#1138 = EDGE_CURVE('',#1111,#1111,#1139,.T.);
#1139 = SURFACE_CURVE('',#1140,(#1145,#1152),.PCURVE_S1.);
#1140 = CIRCLE('',#1141,1.524);
#1141 = AXIS2_PLACEMENT_3D('',#1142,#1143,#1144);
#1142 = CARTESIAN_POINT('',(0.4826,0.,0.));
#1143 = DIRECTION('',(1.,0.,0.));
#1144 = DIRECTION('',(0.,1.,0.));
#1145 = PCURVE('',#1119,#1146);
#1146 = DEFINITIONAL_REPRESENTATION('',(#1147),#1151);
#1147 = LINE('',#1148,#1149);
#1148 = CARTESIAN_POINT('',(-0.,-0.9652));
#1149 = VECTOR('',#1150,1.);
#1150 = DIRECTION('',(-1.,0.));
#1151 = ( GEOMETRIC_REPRESENTATION_CONTEXT(2) 
PARAMETRIC_REPRESENTATION_CONTEXT() REPRESENTATION_CONTEXT('2D SPACE',''
  ) );
#1152 = PCURVE('',#541,#1153);
#1153 = DEFINITIONAL_REPRESENTATION('',(#1154),#1158);
#1154 = CIRCLE('',#1155,1.524);
#1155 = AXIS2_PLACEMENT_2D('',#1156,#1157);
#1156 = CARTESIAN_POINT('',(4.62200971129,-8.65260100343E-18));
#1157 = DIRECTION('',(0.,-1.));
#1158 = ( GEOMETRIC_REPRESENTATION_CONTEXT(2) 
PARAMETRIC_REPRESENTATION_CONTEXT() REPRESENTATION_CONTEXT('2D SPACE',''
  ) );
#1159 = ORIENTED_EDGE('',*,*,#1108,.F.);
#1160 = ORIENTED_EDGE('',*,*,#1161,.F.);
#1161 = EDGE_CURVE('',#1109,#1109,#1162,.T.);
#1162 = SURFACE_CURVE('',#1163,(#1168,#1175),.PCURVE_S1.);
#1163 = CIRCLE('',#1164,1.524);
#1164 = AXIS2_PLACEMENT_3D('',#1165,#1166,#1167);
#1165 = CARTESIAN_POINT('',(-0.4826,0.,0.));
#1166 = DIRECTION('',(1.,0.,0.));
#1167 = DIRECTION('',(0.,1.,0.));
#1168 = PCURVE('',#1119,#1169);
#1169 = DEFINITIONAL_REPRESENTATION('',(#1170),#1174);
#1170 = LINE('',#1171,#1172);
#1171 = CARTESIAN_POINT('',(-0.,0.));
#1172 = VECTOR('',#1173,1.);
#1173 = DIRECTION('',(-1.,0.));
#1174 = ( GEOMETRIC_REPRESENTATION_CONTEXT(2) 
PARAMETRIC_REPRESENTATION_CONTEXT() REPRESENTATION_CONTEXT('2D SPACE',''
  ) );
#1175 = PCURVE('',#595,#1176);
#1176 = DEFINITIONAL_REPRESENTATION('',(#1177),#1181);
#1177 = CIRCLE('',#1178,1.524);
#1178 = AXIS2_PLACEMENT_2D('',#1179,#1180);
#1179 = CARTESIAN_POINT('',(4.62200971129,-8.65260100343E-18));
#1180 = DIRECTION('',(0.,-1.));
#1181 = ( GEOMETRIC_REPRESENTATION_CONTEXT(2) 
PARAMETRIC_REPRESENTATION_CONTEXT() REPRESENTATION_CONTEXT('2D SPACE',''
  ) );
#1182 = ADVANCED_FACE('',(#1183),#1197,.F.);
#1183 = FACE_BOUND('',#1184,.T.);
#1184 = EDGE_LOOP('',(#1185,#1215,#1237,#1238));
#1185 = ORIENTED_EDGE('',*,*,#1186,.T.);
#1186 = EDGE_CURVE('',#1187,#1189,#1191,.T.);
#1187 = VERTEX_POINT('',#1188);
#1188 = CARTESIAN_POINT('',(-0.4826,0.8255,-10.287));
#1189 = VERTEX_POINT('',#1190);
#1190 = CARTESIAN_POINT('',(0.4826,0.8255,-10.287));
#1191 = SEAM_CURVE('',#1192,(#1196,#1208),.PCURVE_S1.);
#1192 = LINE('',#1193,#1194);
#1193 = CARTESIAN_POINT('',(-0.4826,0.8255,-10.287));
#1194 = VECTOR('',#1195,1.);
#1195 = DIRECTION('',(1.,0.,0.));
#1196 = PCURVE('',#1197,#1202);
#1197 = CYLINDRICAL_SURFACE('',#1198,0.8255);
#1198 = AXIS2_PLACEMENT_3D('',#1199,#1200,#1201);
#1199 = CARTESIAN_POINT('',(-0.4826,0.,-10.287));
#1200 = DIRECTION('',(-1.,-0.,-0.));
#1201 = DIRECTION('',(0.,1.,0.));
#1202 = DEFINITIONAL_REPRESENTATION('',(#1203),#1207);
#1203 = LINE('',#1204,#1205);
#1204 = CARTESIAN_POINT('',(-0.,0.));
#1205 = VECTOR('',#1206,1.);
#1206 = DIRECTION('',(-0.,-1.));
#1207 = ( GEOMETRIC_REPRESENTATION_CONTEXT(2) 
PARAMETRIC_REPRESENTATION_CONTEXT() REPRESENTATION_CONTEXT('2D SPACE',''
  ) );
#1208 = PCURVE('',#1197,#1209);
#1209 = DEFINITIONAL_REPRESENTATION('',(#1210),#1214);
#1210 = LINE('',#1211,#1212);
#1211 = CARTESIAN_POINT('',(-6.28318530718,0.));
#1212 = VECTOR('',#1213,1.);
#1213 = DIRECTION('',(-0.,-1.));
#1214 = ( GEOMETRIC_REPRESENTATION_CONTEXT(2) 
PARAMETRIC_REPRESENTATION_CONTEXT() REPRESENTATION_CONTEXT('2D SPACE',''
  ) );
#1215 = ORIENTED_EDGE('',*,*,#1216,.T.);
#1216 = EDGE_CURVE('',#1189,#1189,#1217,.T.);
#1217 = SURFACE_CURVE('',#1218,(#1223,#1230),.PCURVE_S1.);
#1218 = CIRCLE('',#1219,0.8255);
#1219 = AXIS2_PLACEMENT_3D('',#1220,#1221,#1222);
#1220 = CARTESIAN_POINT('',(0.4826,0.,-10.287));
#1221 = DIRECTION('',(1.,0.,0.));
#1222 = DIRECTION('',(0.,1.,0.));
#1223 = PCURVE('',#1197,#1224);
#1224 = DEFINITIONAL_REPRESENTATION('',(#1225),#1229);
#1225 = LINE('',#1226,#1227);
#1226 = CARTESIAN_POINT('',(-0.,-0.9652));
#1227 = VECTOR('',#1228,1.);
#1228 = DIRECTION('',(-1.,0.));
#1229 = ( GEOMETRIC_REPRESENTATION_CONTEXT(2) 
PARAMETRIC_REPRESENTATION_CONTEXT() REPRESENTATION_CONTEXT('2D SPACE',''
  ) );
#1230 = PCURVE('',#541,#1231);
#1231 = DEFINITIONAL_REPRESENTATION('',(#1232),#1236);
#1232 = CIRCLE('',#1233,0.8255);
#1233 = AXIS2_PLACEMENT_2D('',#1234,#1235);
#1234 = CARTESIAN_POINT('',(-5.66499028871,-8.65260100343E-18));
#1235 = DIRECTION('',(0.,-1.));
#1236 = ( GEOMETRIC_REPRESENTATION_CONTEXT(2) 
PARAMETRIC_REPRESENTATION_CONTEXT() REPRESENTATION_CONTEXT('2D SPACE',''
  ) );
#1237 = ORIENTED_EDGE('',*,*,#1186,.F.);
#1238 = ORIENTED_EDGE('',*,*,#1239,.F.);
#1239 = EDGE_CURVE('',#1187,#1187,#1240,.T.);
#1240 = SURFACE_CURVE('',#1241,(#1246,#1253),.PCURVE_S1.);
#1241 = CIRCLE('',#1242,0.8255);
#1242 = AXIS2_PLACEMENT_3D('',#1243,#1244,#1245);
#1243 = CARTESIAN_POINT('',(-0.4826,0.,-10.287));
#1244 = DIRECTION('',(1.,0.,0.));
#1245 = DIRECTION('',(0.,1.,0.));
#1246 = PCURVE('',#1197,#1247);
#1247 = DEFINITIONAL_REPRESENTATION('',(#1248),#1252);
#1248 = LINE('',#1249,#1250);
#1249 = CARTESIAN_POINT('',(-0.,0.));
#1250 = VECTOR('',#1251,1.);
#1251 = DIRECTION('',(-1.,0.));
#1252 = ( GEOMETRIC_REPRESENTATION_CONTEXT(2) 
PARAMETRIC_REPRESENTATION_CONTEXT() REPRESENTATION_CONTEXT('2D SPACE',''
  ) );
#1253 = PCURVE('',#595,#1254);
#1254 = DEFINITIONAL_REPRESENTATION('',(#1255),#1259);
#1255 = CIRCLE('',#1256,0.8255);
#1256 = AXIS2_PLACEMENT_2D('',#1257,#1258);
#1257 = CARTESIAN_POINT('',(-5.66499028871,-8.65260100343E-18));
#1258 = DIRECTION('',(0.,-1.));
#1259 = ( GEOMETRIC_REPRESENTATION_CONTEXT(2) 
PARAMETRIC_REPRESENTATION_CONTEXT() REPRESENTATION_CONTEXT('2D SPACE',''
  ) );
#1260 = ADVANCED_FACE('',(#1261,#1271,#1274),#595,.F.);
#1261 = FACE_BOUND('',#1262,.F.);
#1262 = EDGE_LOOP('',(#1263,#1264,#1265,#1266,#1267,#1268,#1269,#1270));
#1263 = ORIENTED_EDGE('',*,*,#581,.T.);
#1264 = ORIENTED_EDGE('',*,*,#662,.T.);
#1265 = ORIENTED_EDGE('',*,*,#738,.T.);
#1266 = ORIENTED_EDGE('',*,*,#814,.T.);
#1267 = ORIENTED_EDGE('',*,*,#890,.T.);
#1268 = ORIENTED_EDGE('',*,*,#966,.T.);
#1269 = ORIENTED_EDGE('',*,*,#1037,.T.);
#1270 = ORIENTED_EDGE('',*,*,#1084,.T.);
#1271 = FACE_BOUND('',#1272,.T.);
#1272 = EDGE_LOOP('',(#1273));
#1273 = ORIENTED_EDGE('',*,*,#1161,.T.);
#1274 = FACE_BOUND('',#1275,.T.);
#1275 = EDGE_LOOP('',(#1276));
#1276 = ORIENTED_EDGE('',*,*,#1239,.T.);
#1277 = ADVANCED_FACE('',(#1278,#1288,#1291),#541,.T.);
#1278 = FACE_BOUND('',#1279,.T.);
#1279 = EDGE_LOOP('',(#1280,#1281,#1282,#1283,#1284,#1285,#1286,#1287));
#1280 = ORIENTED_EDGE('',*,*,#525,.T.);
#1281 = ORIENTED_EDGE('',*,*,#611,.T.);
#1282 = ORIENTED_EDGE('',*,*,#687,.T.);
#1283 = ORIENTED_EDGE('',*,*,#763,.T.);
#1284 = ORIENTED_EDGE('',*,*,#839,.T.);
#1285 = ORIENTED_EDGE('',*,*,#915,.T.);
#1286 = ORIENTED_EDGE('',*,*,#991,.T.);
#1287 = ORIENTED_EDGE('',*,*,#1062,.T.);
#1288 = FACE_BOUND('',#1289,.F.);
#1289 = EDGE_LOOP('',(#1290));
#1290 = ORIENTED_EDGE('',*,*,#1138,.T.);
#1291 = FACE_BOUND('',#1292,.F.);
#1292 = EDGE_LOOP('',(#1293));
#1293 = ORIENTED_EDGE('',*,*,#1216,.T.);
#1294 = ( GEOMETRIC_REPRESENTATION_CONTEXT(3) 
GLOBAL_UNCERTAINTY_ASSIGNED_CONTEXT((#1298)) 
GLOBAL_UNIT_ASSIGNED_CONTEXT((#1295,#1296,#1297)) REPRESENTATION_CONTEXT
('Context #1','3D Context with UNIT and UNCERTAINTY') );
#1295 = ( LENGTH_UNIT() NAMED_UNIT(*) SI_UNIT(.MILLI.,.METRE.) );
#1296 = ( NAMED_UNIT(*) PLANE_ANGLE_UNIT() SI_UNIT($,.RADIAN.) );
#1297 = ( NAMED_UNIT(*) SI_UNIT($,.STERADIAN.) SOLID_ANGLE_UNIT() );
#1298 = UNCERTAINTY_MEASURE_WITH_UNIT(LENGTH_MEASURE(1.E-07),#1295,
  'distance_accuracy_value','confusion accuracy');
#1299 = CONTEXT_DEPENDENT_SHAPE_REPRESENTATION(#1300,#1302);
#1300 = ( REPRESENTATION_RELATIONSHIP('','',#483,#10) 
REPRESENTATION_RELATIONSHIP_WITH_TRANSFORMATION(#1301) 
SHAPE_REPRESENTATION_RELATIONSHIP() );
#1301 = ITEM_DEFINED_TRANSFORMATION('','',#11,#19);
#1302 = PRODUCT_DEFINITION_SHAPE('Placement','Placement of an item',
  #1303);
#1303 = NEXT_ASSEMBLY_USAGE_OCCURRENCE('11','ContactBody','',#5,#478,$);
#1304 = PRODUCT_RELATED_PRODUCT_CATEGORY('part',$,(#480));
#1305 = SHAPE_DEFINITION_REPRESENTATION(#1306,#1312);
#1306 = PRODUCT_DEFINITION_SHAPE('','',#1307);
#1307 = PRODUCT_DEFINITION('design','',#1308,#1311);
#1308 = PRODUCT_DEFINITION_FORMATION('','',#1309);
#1309 = PRODUCT('ContactBody001','ContactBody001','',(#1310));
#1310 = PRODUCT_CONTEXT('',#2,'mechanical');
#1311 = PRODUCT_DEFINITION_CONTEXT('part definition',#2,'design');
#1312 = ADVANCED_BREP_SHAPE_REPRESENTATION('',(#11,#1313),#2123);
#1313 = MANIFOLD_SOLID_BREP('',#1314);
#1314 = CLOSED_SHELL('',(#1315,#1435,#1511,#1587,#1663,#1739,#1815,#1886
    ,#1933,#2011,#2089,#2106));
#1315 = ADVANCED_FACE('',(#1316),#1330,.F.);
#1316 = FACE_BOUND('',#1317,.F.);
#1317 = EDGE_LOOP('',(#1318,#1353,#1381,#1409));
#1318 = ORIENTED_EDGE('',*,*,#1319,.T.);
#1319 = EDGE_CURVE('',#1320,#1322,#1324,.T.);
#1320 = VERTEX_POINT('',#1321);
#1321 = CARTESIAN_POINT('',(-0.4826,-1.778,-12.7));
#1322 = VERTEX_POINT('',#1323);
#1323 = CARTESIAN_POINT('',(0.4826,-1.778,-12.7));
#1324 = SURFACE_CURVE('',#1325,(#1329,#1341),.PCURVE_S1.);
#1325 = LINE('',#1326,#1327);
#1326 = CARTESIAN_POINT('',(-0.4826,-1.778,-12.7));
#1327 = VECTOR('',#1328,1.);
#1328 = DIRECTION('',(1.,0.,0.));
#1329 = PCURVE('',#1330,#1335);
#1330 = PLANE('',#1331);
#1331 = AXIS2_PLACEMENT_3D('',#1332,#1333,#1334);
#1332 = CARTESIAN_POINT('',(-0.4826,-1.778,-12.7));
#1333 = DIRECTION('',(0.,0.,1.));
#1334 = DIRECTION('',(0.,1.,0.));
#1335 = DEFINITIONAL_REPRESENTATION('',(#1336),#1340);
#1336 = LINE('',#1337,#1338);
#1337 = CARTESIAN_POINT('',(0.,0.));
#1338 = VECTOR('',#1339,1.);
#1339 = DIRECTION('',(0.,-1.));
#1340 = ( GEOMETRIC_REPRESENTATION_CONTEXT(2) 
PARAMETRIC_REPRESENTATION_CONTEXT() REPRESENTATION_CONTEXT('2D SPACE',''
  ) );
#1341 = PCURVE('',#1342,#1347);
#1342 = PLANE('',#1343);
#1343 = AXIS2_PLACEMENT_3D('',#1344,#1345,#1346);
#1344 = CARTESIAN_POINT('',(-0.4826,-1.778,-2.286));
#1345 = DIRECTION('',(0.,1.,0.));
#1346 = DIRECTION('',(0.,0.,-1.));
#1347 = DEFINITIONAL_REPRESENTATION('',(#1348),#1352);
#1348 = LINE('',#1349,#1350);
#1349 = CARTESIAN_POINT('',(10.414,0.));
#1350 = VECTOR('',#1351,1.);
#1351 = DIRECTION('',(0.,-1.));
#1352 = ( GEOMETRIC_REPRESENTATION_CONTEXT(2) 
PARAMETRIC_REPRESENTATION_CONTEXT() REPRESENTATION_CONTEXT('2D SPACE',''
  ) );
#1353 = ORIENTED_EDGE('',*,*,#1354,.T.);
#1354 = EDGE_CURVE('',#1322,#1355,#1357,.T.);
#1355 = VERTEX_POINT('',#1356);
#1356 = CARTESIAN_POINT('',(0.4826,1.778,-12.7));
#1357 = SURFACE_CURVE('',#1358,(#1362,#1369),.PCURVE_S1.);
#1358 = LINE('',#1359,#1360);
#1359 = CARTESIAN_POINT('',(0.4826,-1.778,-12.7));
#1360 = VECTOR('',#1361,1.);
#1361 = DIRECTION('',(0.,1.,0.));
#1362 = PCURVE('',#1330,#1363);
#1363 = DEFINITIONAL_REPRESENTATION('',(#1364),#1368);
#1364 = LINE('',#1365,#1366);
#1365 = CARTESIAN_POINT('',(0.,-0.9652));
#1366 = VECTOR('',#1367,1.);
#1367 = DIRECTION('',(1.,0.));
#1368 = ( GEOMETRIC_REPRESENTATION_CONTEXT(2) 
PARAMETRIC_REPRESENTATION_CONTEXT() REPRESENTATION_CONTEXT('2D SPACE',''
  ) );
#1369 = PCURVE('',#1370,#1375);
#1370 = PLANE('',#1371);
#1371 = AXIS2_PLACEMENT_3D('',#1372,#1373,#1374);
#1372 = CARTESIAN_POINT('',(0.4826,-8.65260100343E-18,-4.62200971129));
#1373 = DIRECTION('',(1.,0.,0.));
#1374 = DIRECTION('',(0.,0.,1.));
#1375 = DEFINITIONAL_REPRESENTATION('',(#1376),#1380);
#1376 = LINE('',#1377,#1378);
#1377 = CARTESIAN_POINT('',(-8.07799028871,1.778));
#1378 = VECTOR('',#1379,1.);
#1379 = DIRECTION('',(0.,-1.));
#1380 = ( GEOMETRIC_REPRESENTATION_CONTEXT(2) 
PARAMETRIC_REPRESENTATION_CONTEXT() REPRESENTATION_CONTEXT('2D SPACE',''
  ) );
#1381 = ORIENTED_EDGE('',*,*,#1382,.F.);
#1382 = EDGE_CURVE('',#1383,#1355,#1385,.T.);
#1383 = VERTEX_POINT('',#1384);
#1384 = CARTESIAN_POINT('',(-0.4826,1.778,-12.7));
#1385 = SURFACE_CURVE('',#1386,(#1390,#1397),.PCURVE_S1.);
#1386 = LINE('',#1387,#1388);
#1387 = CARTESIAN_POINT('',(-0.4826,1.778,-12.7));
#1388 = VECTOR('',#1389,1.);
#1389 = DIRECTION('',(1.,0.,0.));
#1390 = PCURVE('',#1330,#1391);
#1391 = DEFINITIONAL_REPRESENTATION('',(#1392),#1396);
#1392 = LINE('',#1393,#1394);
#1393 = CARTESIAN_POINT('',(3.556,0.));
#1394 = VECTOR('',#1395,1.);
#1395 = DIRECTION('',(0.,-1.));
#1396 = ( GEOMETRIC_REPRESENTATION_CONTEXT(2) 
PARAMETRIC_REPRESENTATION_CONTEXT() REPRESENTATION_CONTEXT('2D SPACE',''
  ) );
#1397 = PCURVE('',#1398,#1403);
#1398 = PLANE('',#1399);
#1399 = AXIS2_PLACEMENT_3D('',#1400,#1401,#1402);
#1400 = CARTESIAN_POINT('',(-0.4826,1.778,-12.7));
#1401 = DIRECTION('',(0.,-1.,0.));
#1402 = DIRECTION('',(0.,0.,1.));
#1403 = DEFINITIONAL_REPRESENTATION('',(#1404),#1408);
#1404 = LINE('',#1405,#1406);
#1405 = CARTESIAN_POINT('',(0.,0.));
#1406 = VECTOR('',#1407,1.);
#1407 = DIRECTION('',(0.,-1.));
#1408 = ( GEOMETRIC_REPRESENTATION_CONTEXT(2) 
PARAMETRIC_REPRESENTATION_CONTEXT() REPRESENTATION_CONTEXT('2D SPACE',''
  ) );
#1409 = ORIENTED_EDGE('',*,*,#1410,.F.);
#1410 = EDGE_CURVE('',#1320,#1383,#1411,.T.);
#1411 = SURFACE_CURVE('',#1412,(#1416,#1423),.PCURVE_S1.);
#1412 = LINE('',#1413,#1414);
#1413 = CARTESIAN_POINT('',(-0.4826,-1.778,-12.7));
#1414 = VECTOR('',#1415,1.);
#1415 = DIRECTION('',(0.,1.,0.));
#1416 = PCURVE('',#1330,#1417);
#1417 = DEFINITIONAL_REPRESENTATION('',(#1418),#1422);
#1418 = LINE('',#1419,#1420);
#1419 = CARTESIAN_POINT('',(0.,0.));
#1420 = VECTOR('',#1421,1.);
#1421 = DIRECTION('',(1.,0.));
#1422 = ( GEOMETRIC_REPRESENTATION_CONTEXT(2) 
PARAMETRIC_REPRESENTATION_CONTEXT() REPRESENTATION_CONTEXT('2D SPACE',''
  ) );
#1423 = PCURVE('',#1424,#1429);
#1424 = PLANE('',#1425);
#1425 = AXIS2_PLACEMENT_3D('',#1426,#1427,#1428);
#1426 = CARTESIAN_POINT('',(-0.4826,-8.65260100343E-18,-4.62200971129));
#1427 = DIRECTION('',(1.,0.,0.));
#1428 = DIRECTION('',(0.,0.,1.));
#1429 = DEFINITIONAL_REPRESENTATION('',(#1430),#1434);
#1430 = LINE('',#1431,#1432);
#1431 = CARTESIAN_POINT('',(-8.07799028871,1.778));
#1432 = VECTOR('',#1433,1.);
#1433 = DIRECTION('',(0.,-1.));
#1434 = ( GEOMETRIC_REPRESENTATION_CONTEXT(2) 
PARAMETRIC_REPRESENTATION_CONTEXT() REPRESENTATION_CONTEXT('2D SPACE',''
  ) );
#1435 = ADVANCED_FACE('',(#1436),#1398,.F.);
#1436 = FACE_BOUND('',#1437,.F.);
#1437 = EDGE_LOOP('',(#1438,#1439,#1462,#1490));
#1438 = ORIENTED_EDGE('',*,*,#1382,.T.);
#1439 = ORIENTED_EDGE('',*,*,#1440,.T.);
#1440 = EDGE_CURVE('',#1355,#1441,#1443,.T.);
#1441 = VERTEX_POINT('',#1442);
#1442 = CARTESIAN_POINT('',(0.4826,1.778,-2.286));
#1443 = SURFACE_CURVE('',#1444,(#1448,#1455),.PCURVE_S1.);
#1444 = LINE('',#1445,#1446);
#1445 = CARTESIAN_POINT('',(0.4826,1.778,-12.7));
#1446 = VECTOR('',#1447,1.);
#1447 = DIRECTION('',(0.,0.,1.));
#1448 = PCURVE('',#1398,#1449);
#1449 = DEFINITIONAL_REPRESENTATION('',(#1450),#1454);
#1450 = LINE('',#1451,#1452);
#1451 = CARTESIAN_POINT('',(0.,-0.9652));
#1452 = VECTOR('',#1453,1.);
#1453 = DIRECTION('',(1.,0.));
#1454 = ( GEOMETRIC_REPRESENTATION_CONTEXT(2) 
PARAMETRIC_REPRESENTATION_CONTEXT() REPRESENTATION_CONTEXT('2D SPACE',''
  ) );
#1455 = PCURVE('',#1370,#1456);
#1456 = DEFINITIONAL_REPRESENTATION('',(#1457),#1461);
#1457 = LINE('',#1458,#1459);
#1458 = CARTESIAN_POINT('',(-8.07799028871,-1.778));
#1459 = VECTOR('',#1460,1.);
#1460 = DIRECTION('',(1.,0.));
#1461 = ( GEOMETRIC_REPRESENTATION_CONTEXT(2) 
PARAMETRIC_REPRESENTATION_CONTEXT() REPRESENTATION_CONTEXT('2D SPACE',''
  ) );
#1462 = ORIENTED_EDGE('',*,*,#1463,.F.);
#1463 = EDGE_CURVE('',#1464,#1441,#1466,.T.);
#1464 = VERTEX_POINT('',#1465);
#1465 = CARTESIAN_POINT('',(-0.4826,1.778,-2.286));
#1466 = SURFACE_CURVE('',#1467,(#1471,#1478),.PCURVE_S1.);
#1467 = LINE('',#1468,#1469);
#1468 = CARTESIAN_POINT('',(-0.4826,1.778,-2.286));
#1469 = VECTOR('',#1470,1.);
#1470 = DIRECTION('',(1.,0.,0.));
#1471 = PCURVE('',#1398,#1472);
#1472 = DEFINITIONAL_REPRESENTATION('',(#1473),#1477);
#1473 = LINE('',#1474,#1475);
#1474 = CARTESIAN_POINT('',(10.414,0.));
#1475 = VECTOR('',#1476,1.);
#1476 = DIRECTION('',(0.,-1.));
#1477 = ( GEOMETRIC_REPRESENTATION_CONTEXT(2) 
PARAMETRIC_REPRESENTATION_CONTEXT() REPRESENTATION_CONTEXT('2D SPACE',''
  ) );
#1478 = PCURVE('',#1479,#1484);
#1479 = PLANE('',#1480);
#1480 = AXIS2_PLACEMENT_3D('',#1481,#1482,#1483);
#1481 = CARTESIAN_POINT('',(-0.4826,1.778,-2.286));
#1482 = DIRECTION('',(0.,0.,1.));
#1483 = DIRECTION('',(0.,1.,0.));
#1484 = DEFINITIONAL_REPRESENTATION('',(#1485),#1489);
#1485 = LINE('',#1486,#1487);
#1486 = CARTESIAN_POINT('',(0.,0.));
#1487 = VECTOR('',#1488,1.);
#1488 = DIRECTION('',(0.,-1.));
#1489 = ( GEOMETRIC_REPRESENTATION_CONTEXT(2) 
PARAMETRIC_REPRESENTATION_CONTEXT() REPRESENTATION_CONTEXT('2D SPACE',''
  ) );
#1490 = ORIENTED_EDGE('',*,*,#1491,.F.);
#1491 = EDGE_CURVE('',#1383,#1464,#1492,.T.);
#1492 = SURFACE_CURVE('',#1493,(#1497,#1504),.PCURVE_S1.);
#1493 = LINE('',#1494,#1495);
#1494 = CARTESIAN_POINT('',(-0.4826,1.778,-12.7));
#1495 = VECTOR('',#1496,1.);
#1496 = DIRECTION('',(0.,0.,1.));
#1497 = PCURVE('',#1398,#1498);
#1498 = DEFINITIONAL_REPRESENTATION('',(#1499),#1503);
#1499 = LINE('',#1500,#1501);
#1500 = CARTESIAN_POINT('',(0.,0.));
#1501 = VECTOR('',#1502,1.);
#1502 = DIRECTION('',(1.,0.));
#1503 = ( GEOMETRIC_REPRESENTATION_CONTEXT(2) 
PARAMETRIC_REPRESENTATION_CONTEXT() REPRESENTATION_CONTEXT('2D SPACE',''
  ) );
#1504 = PCURVE('',#1424,#1505);
#1505 = DEFINITIONAL_REPRESENTATION('',(#1506),#1510);
#1506 = LINE('',#1507,#1508);
#1507 = CARTESIAN_POINT('',(-8.07799028871,-1.778));
#1508 = VECTOR('',#1509,1.);
#1509 = DIRECTION('',(1.,0.));
#1510 = ( GEOMETRIC_REPRESENTATION_CONTEXT(2) 
PARAMETRIC_REPRESENTATION_CONTEXT() REPRESENTATION_CONTEXT('2D SPACE',''
  ) );
#1511 = ADVANCED_FACE('',(#1512),#1479,.F.);
#1512 = FACE_BOUND('',#1513,.F.);
#1513 = EDGE_LOOP('',(#1514,#1515,#1538,#1566));
#1514 = ORIENTED_EDGE('',*,*,#1463,.T.);
#1515 = ORIENTED_EDGE('',*,*,#1516,.T.);
#1516 = EDGE_CURVE('',#1441,#1517,#1519,.T.);
#1517 = VERTEX_POINT('',#1518);
#1518 = CARTESIAN_POINT('',(0.4826,2.286,-2.286));
#1519 = SURFACE_CURVE('',#1520,(#1524,#1531),.PCURVE_S1.);
#1520 = LINE('',#1521,#1522);
#1521 = CARTESIAN_POINT('',(0.4826,1.778,-2.286));
#1522 = VECTOR('',#1523,1.);
#1523 = DIRECTION('',(0.,1.,0.));
#1524 = PCURVE('',#1479,#1525);
#1525 = DEFINITIONAL_REPRESENTATION('',(#1526),#1530);
#1526 = LINE('',#1527,#1528);
#1527 = CARTESIAN_POINT('',(0.,-0.9652));
#1528 = VECTOR('',#1529,1.);
#1529 = DIRECTION('',(1.,0.));
#1530 = ( GEOMETRIC_REPRESENTATION_CONTEXT(2) 
PARAMETRIC_REPRESENTATION_CONTEXT() REPRESENTATION_CONTEXT('2D SPACE',''
  ) );
#1531 = PCURVE('',#1370,#1532);
#1532 = DEFINITIONAL_REPRESENTATION('',(#1533),#1537);
#1533 = LINE('',#1534,#1535);
#1534 = CARTESIAN_POINT('',(2.33600971129,-1.778));
#1535 = VECTOR('',#1536,1.);
#1536 = DIRECTION('',(0.,-1.));
#1537 = ( GEOMETRIC_REPRESENTATION_CONTEXT(2) 
PARAMETRIC_REPRESENTATION_CONTEXT() REPRESENTATION_CONTEXT('2D SPACE',''
  ) );
#1538 = ORIENTED_EDGE('',*,*,#1539,.F.);
#1539 = EDGE_CURVE('',#1540,#1517,#1542,.T.);
#1540 = VERTEX_POINT('',#1541);
#1541 = CARTESIAN_POINT('',(-0.4826,2.286,-2.286));
#1542 = SURFACE_CURVE('',#1543,(#1547,#1554),.PCURVE_S1.);
#1543 = LINE('',#1544,#1545);
#1544 = CARTESIAN_POINT('',(-0.4826,2.286,-2.286));
#1545 = VECTOR('',#1546,1.);
#1546 = DIRECTION('',(1.,0.,0.));
#1547 = PCURVE('',#1479,#1548);
#1548 = DEFINITIONAL_REPRESENTATION('',(#1549),#1553);
#1549 = LINE('',#1550,#1551);
#1550 = CARTESIAN_POINT('',(0.508,0.));
#1551 = VECTOR('',#1552,1.);
#1552 = DIRECTION('',(0.,-1.));
#1553 = ( GEOMETRIC_REPRESENTATION_CONTEXT(2) 
PARAMETRIC_REPRESENTATION_CONTEXT() REPRESENTATION_CONTEXT('2D SPACE',''
  ) );
#1554 = PCURVE('',#1555,#1560);
#1555 = PLANE('',#1556);
#1556 = AXIS2_PLACEMENT_3D('',#1557,#1558,#1559);
#1557 = CARTESIAN_POINT('',(-0.4826,2.286,-2.286));
#1558 = DIRECTION('',(0.,-1.,0.));
#1559 = DIRECTION('',(0.,0.,1.));
#1560 = DEFINITIONAL_REPRESENTATION('',(#1561),#1565);
#1561 = LINE('',#1562,#1563);
#1562 = CARTESIAN_POINT('',(0.,0.));
#1563 = VECTOR('',#1564,1.);
#1564 = DIRECTION('',(0.,-1.));
#1565 = ( GEOMETRIC_REPRESENTATION_CONTEXT(2) 
PARAMETRIC_REPRESENTATION_CONTEXT() REPRESENTATION_CONTEXT('2D SPACE',''
  ) );
#1566 = ORIENTED_EDGE('',*,*,#1567,.F.);
#1567 = EDGE_CURVE('',#1464,#1540,#1568,.T.);
#1568 = SURFACE_CURVE('',#1569,(#1573,#1580),.PCURVE_S1.);
#1569 = LINE('',#1570,#1571);
#1570 = CARTESIAN_POINT('',(-0.4826,1.778,-2.286));
#1571 = VECTOR('',#1572,1.);
#1572 = DIRECTION('',(0.,1.,0.));
#1573 = PCURVE('',#1479,#1574);
#1574 = DEFINITIONAL_REPRESENTATION('',(#1575),#1579);
#1575 = LINE('',#1576,#1577);
#1576 = CARTESIAN_POINT('',(0.,0.));
#1577 = VECTOR('',#1578,1.);
#1578 = DIRECTION('',(1.,0.));
#1579 = ( GEOMETRIC_REPRESENTATION_CONTEXT(2) 
PARAMETRIC_REPRESENTATION_CONTEXT() REPRESENTATION_CONTEXT('2D SPACE',''
  ) );
#1580 = PCURVE('',#1424,#1581);
#1581 = DEFINITIONAL_REPRESENTATION('',(#1582),#1586);
#1582 = LINE('',#1583,#1584);
#1583 = CARTESIAN_POINT('',(2.33600971129,-1.778));
#1584 = VECTOR('',#1585,1.);
#1585 = DIRECTION('',(0.,-1.));
#1586 = ( GEOMETRIC_REPRESENTATION_CONTEXT(2) 
PARAMETRIC_REPRESENTATION_CONTEXT() REPRESENTATION_CONTEXT('2D SPACE',''
  ) );
#1587 = ADVANCED_FACE('',(#1588),#1555,.F.);
#1588 = FACE_BOUND('',#1589,.F.);
#1589 = EDGE_LOOP('',(#1590,#1591,#1614,#1642));
#1590 = ORIENTED_EDGE('',*,*,#1539,.T.);
#1591 = ORIENTED_EDGE('',*,*,#1592,.T.);
#1592 = EDGE_CURVE('',#1517,#1593,#1595,.T.);
#1593 = VERTEX_POINT('',#1594);
#1594 = CARTESIAN_POINT('',(0.4826,2.286,2.286));
#1595 = SURFACE_CURVE('',#1596,(#1600,#1607),.PCURVE_S1.);
#1596 = LINE('',#1597,#1598);
#1597 = CARTESIAN_POINT('',(0.4826,2.286,-2.286));
#1598 = VECTOR('',#1599,1.);
#1599 = DIRECTION('',(0.,0.,1.));
#1600 = PCURVE('',#1555,#1601);
#1601 = DEFINITIONAL_REPRESENTATION('',(#1602),#1606);
#1602 = LINE('',#1603,#1604);
#1603 = CARTESIAN_POINT('',(0.,-0.9652));
#1604 = VECTOR('',#1605,1.);
#1605 = DIRECTION('',(1.,0.));
#1606 = ( GEOMETRIC_REPRESENTATION_CONTEXT(2) 
PARAMETRIC_REPRESENTATION_CONTEXT() REPRESENTATION_CONTEXT('2D SPACE',''
  ) );
#1607 = PCURVE('',#1370,#1608);
#1608 = DEFINITIONAL_REPRESENTATION('',(#1609),#1613);
#1609 = LINE('',#1610,#1611);
#1610 = CARTESIAN_POINT('',(2.33600971129,-2.286));
#1611 = VECTOR('',#1612,1.);
#1612 = DIRECTION('',(1.,0.));
#1613 = ( GEOMETRIC_REPRESENTATION_CONTEXT(2) 
PARAMETRIC_REPRESENTATION_CONTEXT() REPRESENTATION_CONTEXT('2D SPACE',''
  ) );
#1614 = ORIENTED_EDGE('',*,*,#1615,.F.);
#1615 = EDGE_CURVE('',#1616,#1593,#1618,.T.);
#1616 = VERTEX_POINT('',#1617);
#1617 = CARTESIAN_POINT('',(-0.4826,2.286,2.286));
#1618 = SURFACE_CURVE('',#1619,(#1623,#1630),.PCURVE_S1.);
#1619 = LINE('',#1620,#1621);
#1620 = CARTESIAN_POINT('',(-0.4826,2.286,2.286));
#1621 = VECTOR('',#1622,1.);
#1622 = DIRECTION('',(1.,0.,0.));
#1623 = PCURVE('',#1555,#1624);
#1624 = DEFINITIONAL_REPRESENTATION('',(#1625),#1629);
#1625 = LINE('',#1626,#1627);
#1626 = CARTESIAN_POINT('',(4.572,0.));
#1627 = VECTOR('',#1628,1.);
#1628 = DIRECTION('',(0.,-1.));
#1629 = ( GEOMETRIC_REPRESENTATION_CONTEXT(2) 
PARAMETRIC_REPRESENTATION_CONTEXT() REPRESENTATION_CONTEXT('2D SPACE',''
  ) );
#1630 = PCURVE('',#1631,#1636);
#1631 = PLANE('',#1632);
#1632 = AXIS2_PLACEMENT_3D('',#1633,#1634,#1635);
#1633 = CARTESIAN_POINT('',(-0.4826,2.286,2.286));
#1634 = DIRECTION('',(0.,0.,-1.));
#1635 = DIRECTION('',(0.,-1.,0.));
#1636 = DEFINITIONAL_REPRESENTATION('',(#1637),#1641);
#1637 = LINE('',#1638,#1639);
#1638 = CARTESIAN_POINT('',(0.,-0.));
#1639 = VECTOR('',#1640,1.);
#1640 = DIRECTION('',(0.,-1.));
#1641 = ( GEOMETRIC_REPRESENTATION_CONTEXT(2) 
PARAMETRIC_REPRESENTATION_CONTEXT() REPRESENTATION_CONTEXT('2D SPACE',''
  ) );
#1642 = ORIENTED_EDGE('',*,*,#1643,.F.);
#1643 = EDGE_CURVE('',#1540,#1616,#1644,.T.);
#1644 = SURFACE_CURVE('',#1645,(#1649,#1656),.PCURVE_S1.);
#1645 = LINE('',#1646,#1647);
#1646 = CARTESIAN_POINT('',(-0.4826,2.286,-2.286));
#1647 = VECTOR('',#1648,1.);
#1648 = DIRECTION('',(0.,0.,1.));
#1649 = PCURVE('',#1555,#1650);
#1650 = DEFINITIONAL_REPRESENTATION('',(#1651),#1655);
#1651 = LINE('',#1652,#1653);
#1652 = CARTESIAN_POINT('',(0.,0.));
#1653 = VECTOR('',#1654,1.);
#1654 = DIRECTION('',(1.,0.));
#1655 = ( GEOMETRIC_REPRESENTATION_CONTEXT(2) 
PARAMETRIC_REPRESENTATION_CONTEXT() REPRESENTATION_CONTEXT('2D SPACE',''
  ) );
#1656 = PCURVE('',#1424,#1657);
#1657 = DEFINITIONAL_REPRESENTATION('',(#1658),#1662);
#1658 = LINE('',#1659,#1660);
#1659 = CARTESIAN_POINT('',(2.33600971129,-2.286));
#1660 = VECTOR('',#1661,1.);
#1661 = DIRECTION('',(1.,0.));
#1662 = ( GEOMETRIC_REPRESENTATION_CONTEXT(2) 
PARAMETRIC_REPRESENTATION_CONTEXT() REPRESENTATION_CONTEXT('2D SPACE',''
  ) );
#1663 = ADVANCED_FACE('',(#1664),#1631,.F.);
#1664 = FACE_BOUND('',#1665,.F.);
#1665 = EDGE_LOOP('',(#1666,#1667,#1690,#1718));
#1666 = ORIENTED_EDGE('',*,*,#1615,.T.);
#1667 = ORIENTED_EDGE('',*,*,#1668,.T.);
#1668 = EDGE_CURVE('',#1593,#1669,#1671,.T.);
#1669 = VERTEX_POINT('',#1670);
#1670 = CARTESIAN_POINT('',(0.4826,-2.286,2.286));
#1671 = SURFACE_CURVE('',#1672,(#1676,#1683),.PCURVE_S1.);
#1672 = LINE('',#1673,#1674);
#1673 = CARTESIAN_POINT('',(0.4826,2.286,2.286));
#1674 = VECTOR('',#1675,1.);
#1675 = DIRECTION('',(0.,-1.,0.));
#1676 = PCURVE('',#1631,#1677);
#1677 = DEFINITIONAL_REPRESENTATION('',(#1678),#1682);
#1678 = LINE('',#1679,#1680);
#1679 = CARTESIAN_POINT('',(0.,-0.9652));
#1680 = VECTOR('',#1681,1.);
#1681 = DIRECTION('',(1.,0.));
#1682 = ( GEOMETRIC_REPRESENTATION_CONTEXT(2) 
PARAMETRIC_REPRESENTATION_CONTEXT() REPRESENTATION_CONTEXT('2D SPACE',''
  ) );
#1683 = PCURVE('',#1370,#1684);
#1684 = DEFINITIONAL_REPRESENTATION('',(#1685),#1689);
#1685 = LINE('',#1686,#1687);
#1686 = CARTESIAN_POINT('',(6.90800971129,-2.286));
#1687 = VECTOR('',#1688,1.);
#1688 = DIRECTION('',(0.,1.));
#1689 = ( GEOMETRIC_REPRESENTATION_CONTEXT(2) 
PARAMETRIC_REPRESENTATION_CONTEXT() REPRESENTATION_CONTEXT('2D SPACE',''
  ) );
#1690 = ORIENTED_EDGE('',*,*,#1691,.F.);
#1691 = EDGE_CURVE('',#1692,#1669,#1694,.T.);
#1692 = VERTEX_POINT('',#1693);
#1693 = CARTESIAN_POINT('',(-0.4826,-2.286,2.286));
#1694 = SURFACE_CURVE('',#1695,(#1699,#1706),.PCURVE_S1.);
#1695 = LINE('',#1696,#1697);
#1696 = CARTESIAN_POINT('',(-0.4826,-2.286,2.286));
#1697 = VECTOR('',#1698,1.);
#1698 = DIRECTION('',(1.,0.,0.));
#1699 = PCURVE('',#1631,#1700);
#1700 = DEFINITIONAL_REPRESENTATION('',(#1701),#1705);
#1701 = LINE('',#1702,#1703);
#1702 = CARTESIAN_POINT('',(4.572,0.));
#1703 = VECTOR('',#1704,1.);
#1704 = DIRECTION('',(0.,-1.));
#1705 = ( GEOMETRIC_REPRESENTATION_CONTEXT(2) 
PARAMETRIC_REPRESENTATION_CONTEXT() REPRESENTATION_CONTEXT('2D SPACE',''
  ) );
#1706 = PCURVE('',#1707,#1712);
#1707 = PLANE('',#1708);
#1708 = AXIS2_PLACEMENT_3D('',#1709,#1710,#1711);
#1709 = CARTESIAN_POINT('',(-0.4826,-2.286,2.286));
#1710 = DIRECTION('',(0.,1.,0.));
#1711 = DIRECTION('',(0.,0.,-1.));
#1712 = DEFINITIONAL_REPRESENTATION('',(#1713),#1717);
#1713 = LINE('',#1714,#1715);
#1714 = CARTESIAN_POINT('',(0.,0.));
#1715 = VECTOR('',#1716,1.);
#1716 = DIRECTION('',(0.,-1.));
#1717 = ( GEOMETRIC_REPRESENTATION_CONTEXT(2) 
PARAMETRIC_REPRESENTATION_CONTEXT() REPRESENTATION_CONTEXT('2D SPACE',''
  ) );
#1718 = ORIENTED_EDGE('',*,*,#1719,.F.);
#1719 = EDGE_CURVE('',#1616,#1692,#1720,.T.);
#1720 = SURFACE_CURVE('',#1721,(#1725,#1732),.PCURVE_S1.);
#1721 = LINE('',#1722,#1723);
#1722 = CARTESIAN_POINT('',(-0.4826,2.286,2.286));
#1723 = VECTOR('',#1724,1.);
#1724 = DIRECTION('',(0.,-1.,0.));
#1725 = PCURVE('',#1631,#1726);
#1726 = DEFINITIONAL_REPRESENTATION('',(#1727),#1731);
#1727 = LINE('',#1728,#1729);
#1728 = CARTESIAN_POINT('',(0.,-0.));
#1729 = VECTOR('',#1730,1.);
#1730 = DIRECTION('',(1.,0.));
#1731 = ( GEOMETRIC_REPRESENTATION_CONTEXT(2) 
PARAMETRIC_REPRESENTATION_CONTEXT() REPRESENTATION_CONTEXT('2D SPACE',''
  ) );
#1732 = PCURVE('',#1424,#1733);
#1733 = DEFINITIONAL_REPRESENTATION('',(#1734),#1738);
#1734 = LINE('',#1735,#1736);
#1735 = CARTESIAN_POINT('',(6.90800971129,-2.286));
#1736 = VECTOR('',#1737,1.);
#1737 = DIRECTION('',(0.,1.));
#1738 = ( GEOMETRIC_REPRESENTATION_CONTEXT(2) 
PARAMETRIC_REPRESENTATION_CONTEXT() REPRESENTATION_CONTEXT('2D SPACE',''
  ) );
#1739 = ADVANCED_FACE('',(#1740),#1707,.F.);
#1740 = FACE_BOUND('',#1741,.F.);
#1741 = EDGE_LOOP('',(#1742,#1743,#1766,#1794));
#1742 = ORIENTED_EDGE('',*,*,#1691,.T.);
#1743 = ORIENTED_EDGE('',*,*,#1744,.T.);
#1744 = EDGE_CURVE('',#1669,#1745,#1747,.T.);
#1745 = VERTEX_POINT('',#1746);
#1746 = CARTESIAN_POINT('',(0.4826,-2.286,-2.286));
#1747 = SURFACE_CURVE('',#1748,(#1752,#1759),.PCURVE_S1.);
#1748 = LINE('',#1749,#1750);
#1749 = CARTESIAN_POINT('',(0.4826,-2.286,2.286));
#1750 = VECTOR('',#1751,1.);
#1751 = DIRECTION('',(0.,0.,-1.));
#1752 = PCURVE('',#1707,#1753);
#1753 = DEFINITIONAL_REPRESENTATION('',(#1754),#1758);
#1754 = LINE('',#1755,#1756);
#1755 = CARTESIAN_POINT('',(0.,-0.9652));
#1756 = VECTOR('',#1757,1.);
#1757 = DIRECTION('',(1.,0.));
#1758 = ( GEOMETRIC_REPRESENTATION_CONTEXT(2) 
PARAMETRIC_REPRESENTATION_CONTEXT() REPRESENTATION_CONTEXT('2D SPACE',''
  ) );
#1759 = PCURVE('',#1370,#1760);
#1760 = DEFINITIONAL_REPRESENTATION('',(#1761),#1765);
#1761 = LINE('',#1762,#1763);
#1762 = CARTESIAN_POINT('',(6.90800971129,2.286));
#1763 = VECTOR('',#1764,1.);
#1764 = DIRECTION('',(-1.,0.));
#1765 = ( GEOMETRIC_REPRESENTATION_CONTEXT(2) 
PARAMETRIC_REPRESENTATION_CONTEXT() REPRESENTATION_CONTEXT('2D SPACE',''
  ) );
#1766 = ORIENTED_EDGE('',*,*,#1767,.F.);
#1767 = EDGE_CURVE('',#1768,#1745,#1770,.T.);
#1768 = VERTEX_POINT('',#1769);
#1769 = CARTESIAN_POINT('',(-0.4826,-2.286,-2.286));
#1770 = SURFACE_CURVE('',#1771,(#1775,#1782),.PCURVE_S1.);
#1771 = LINE('',#1772,#1773);
#1772 = CARTESIAN_POINT('',(-0.4826,-2.286,-2.286));
#1773 = VECTOR('',#1774,1.);
#1774 = DIRECTION('',(1.,0.,0.));
#1775 = PCURVE('',#1707,#1776);
#1776 = DEFINITIONAL_REPRESENTATION('',(#1777),#1781);
#1777 = LINE('',#1778,#1779);
#1778 = CARTESIAN_POINT('',(4.572,0.));
#1779 = VECTOR('',#1780,1.);
#1780 = DIRECTION('',(0.,-1.));
#1781 = ( GEOMETRIC_REPRESENTATION_CONTEXT(2) 
PARAMETRIC_REPRESENTATION_CONTEXT() REPRESENTATION_CONTEXT('2D SPACE',''
  ) );
#1782 = PCURVE('',#1783,#1788);
#1783 = PLANE('',#1784);
#1784 = AXIS2_PLACEMENT_3D('',#1785,#1786,#1787);
#1785 = CARTESIAN_POINT('',(-0.4826,-2.286,-2.286));
#1786 = DIRECTION('',(0.,0.,1.));
#1787 = DIRECTION('',(0.,1.,0.));
#1788 = DEFINITIONAL_REPRESENTATION('',(#1789),#1793);
#1789 = LINE('',#1790,#1791);
#1790 = CARTESIAN_POINT('',(0.,0.));
#1791 = VECTOR('',#1792,1.);
#1792 = DIRECTION('',(0.,-1.));
#1793 = ( GEOMETRIC_REPRESENTATION_CONTEXT(2) 
PARAMETRIC_REPRESENTATION_CONTEXT() REPRESENTATION_CONTEXT('2D SPACE',''
  ) );
#1794 = ORIENTED_EDGE('',*,*,#1795,.F.);
#1795 = EDGE_CURVE('',#1692,#1768,#1796,.T.);
#1796 = SURFACE_CURVE('',#1797,(#1801,#1808),.PCURVE_S1.);
#1797 = LINE('',#1798,#1799);
#1798 = CARTESIAN_POINT('',(-0.4826,-2.286,2.286));
#1799 = VECTOR('',#1800,1.);
#1800 = DIRECTION('',(0.,0.,-1.));
#1801 = PCURVE('',#1707,#1802);
#1802 = DEFINITIONAL_REPRESENTATION('',(#1803),#1807);
#1803 = LINE('',#1804,#1805);
#1804 = CARTESIAN_POINT('',(0.,0.));
#1805 = VECTOR('',#1806,1.);
#1806 = DIRECTION('',(1.,0.));
#1807 = ( GEOMETRIC_REPRESENTATION_CONTEXT(2) 
PARAMETRIC_REPRESENTATION_CONTEXT() REPRESENTATION_CONTEXT('2D SPACE',''
  ) );
#1808 = PCURVE('',#1424,#1809);
#1809 = DEFINITIONAL_REPRESENTATION('',(#1810),#1814);
#1810 = LINE('',#1811,#1812);
#1811 = CARTESIAN_POINT('',(6.90800971129,2.286));
#1812 = VECTOR('',#1813,1.);
#1813 = DIRECTION('',(-1.,0.));
#1814 = ( GEOMETRIC_REPRESENTATION_CONTEXT(2) 
PARAMETRIC_REPRESENTATION_CONTEXT() REPRESENTATION_CONTEXT('2D SPACE',''
  ) );
#1815 = ADVANCED_FACE('',(#1816),#1783,.F.);
#1816 = FACE_BOUND('',#1817,.F.);
#1817 = EDGE_LOOP('',(#1818,#1819,#1842,#1865));
#1818 = ORIENTED_EDGE('',*,*,#1767,.T.);
#1819 = ORIENTED_EDGE('',*,*,#1820,.T.);
#1820 = EDGE_CURVE('',#1745,#1821,#1823,.T.);
#1821 = VERTEX_POINT('',#1822);
#1822 = CARTESIAN_POINT('',(0.4826,-1.778,-2.286));
#1823 = SURFACE_CURVE('',#1824,(#1828,#1835),.PCURVE_S1.);
#1824 = LINE('',#1825,#1826);
#1825 = CARTESIAN_POINT('',(0.4826,-2.286,-2.286));
#1826 = VECTOR('',#1827,1.);
#1827 = DIRECTION('',(0.,1.,0.));
#1828 = PCURVE('',#1783,#1829);
#1829 = DEFINITIONAL_REPRESENTATION('',(#1830),#1834);
#1830 = LINE('',#1831,#1832);
#1831 = CARTESIAN_POINT('',(0.,-0.9652));
#1832 = VECTOR('',#1833,1.);
#1833 = DIRECTION('',(1.,0.));
#1834 = ( GEOMETRIC_REPRESENTATION_CONTEXT(2) 
PARAMETRIC_REPRESENTATION_CONTEXT() REPRESENTATION_CONTEXT('2D SPACE',''
  ) );
#1835 = PCURVE('',#1370,#1836);
#1836 = DEFINITIONAL_REPRESENTATION('',(#1837),#1841);
#1837 = LINE('',#1838,#1839);
#1838 = CARTESIAN_POINT('',(2.33600971129,2.286));
#1839 = VECTOR('',#1840,1.);
#1840 = DIRECTION('',(0.,-1.));
#1841 = ( GEOMETRIC_REPRESENTATION_CONTEXT(2) 
PARAMETRIC_REPRESENTATION_CONTEXT() REPRESENTATION_CONTEXT('2D SPACE',''
  ) );
#1842 = ORIENTED_EDGE('',*,*,#1843,.F.);
#1843 = EDGE_CURVE('',#1844,#1821,#1846,.T.);
#1844 = VERTEX_POINT('',#1845);
#1845 = CARTESIAN_POINT('',(-0.4826,-1.778,-2.286));
#1846 = SURFACE_CURVE('',#1847,(#1851,#1858),.PCURVE_S1.);
#1847 = LINE('',#1848,#1849);
#1848 = CARTESIAN_POINT('',(-0.4826,-1.778,-2.286));
#1849 = VECTOR('',#1850,1.);
#1850 = DIRECTION('',(1.,0.,0.));
#1851 = PCURVE('',#1783,#1852);
#1852 = DEFINITIONAL_REPRESENTATION('',(#1853),#1857);
#1853 = LINE('',#1854,#1855);
#1854 = CARTESIAN_POINT('',(0.508,0.));
#1855 = VECTOR('',#1856,1.);
#1856 = DIRECTION('',(0.,-1.));
#1857 = ( GEOMETRIC_REPRESENTATION_CONTEXT(2) 
PARAMETRIC_REPRESENTATION_CONTEXT() REPRESENTATION_CONTEXT('2D SPACE',''
  ) );
#1858 = PCURVE('',#1342,#1859);
#1859 = DEFINITIONAL_REPRESENTATION('',(#1860),#1864);
#1860 = LINE('',#1861,#1862);
#1861 = CARTESIAN_POINT('',(0.,0.));
#1862 = VECTOR('',#1863,1.);
#1863 = DIRECTION('',(0.,-1.));
#1864 = ( GEOMETRIC_REPRESENTATION_CONTEXT(2) 
PARAMETRIC_REPRESENTATION_CONTEXT() REPRESENTATION_CONTEXT('2D SPACE',''
  ) );
#1865 = ORIENTED_EDGE('',*,*,#1866,.F.);
#1866 = EDGE_CURVE('',#1768,#1844,#1867,.T.);
#1867 = SURFACE_CURVE('',#1868,(#1872,#1879),.PCURVE_S1.);
#1868 = LINE('',#1869,#1870);
#1869 = CARTESIAN_POINT('',(-0.4826,-2.286,-2.286));
#1870 = VECTOR('',#1871,1.);
#1871 = DIRECTION('',(0.,1.,0.));
#1872 = PCURVE('',#1783,#1873);
#1873 = DEFINITIONAL_REPRESENTATION('',(#1874),#1878);
#1874 = LINE('',#1875,#1876);
#1875 = CARTESIAN_POINT('',(0.,0.));
#1876 = VECTOR('',#1877,1.);
#1877 = DIRECTION('',(1.,0.));
#1878 = ( GEOMETRIC_REPRESENTATION_CONTEXT(2) 
PARAMETRIC_REPRESENTATION_CONTEXT() REPRESENTATION_CONTEXT('2D SPACE',''
  ) );
#1879 = PCURVE('',#1424,#1880);
#1880 = DEFINITIONAL_REPRESENTATION('',(#1881),#1885);
#1881 = LINE('',#1882,#1883);
#1882 = CARTESIAN_POINT('',(2.33600971129,2.286));
#1883 = VECTOR('',#1884,1.);
#1884 = DIRECTION('',(0.,-1.));
#1885 = ( GEOMETRIC_REPRESENTATION_CONTEXT(2) 
PARAMETRIC_REPRESENTATION_CONTEXT() REPRESENTATION_CONTEXT('2D SPACE',''
  ) );
#1886 = ADVANCED_FACE('',(#1887),#1342,.F.);
#1887 = FACE_BOUND('',#1888,.F.);
#1888 = EDGE_LOOP('',(#1889,#1890,#1911,#1912));
#1889 = ORIENTED_EDGE('',*,*,#1843,.T.);
#1890 = ORIENTED_EDGE('',*,*,#1891,.T.);
#1891 = EDGE_CURVE('',#1821,#1322,#1892,.T.);
#1892 = SURFACE_CURVE('',#1893,(#1897,#1904),.PCURVE_S1.);
#1893 = LINE('',#1894,#1895);
#1894 = CARTESIAN_POINT('',(0.4826,-1.778,-2.286));
#1895 = VECTOR('',#1896,1.);
#1896 = DIRECTION('',(0.,0.,-1.));
#1897 = PCURVE('',#1342,#1898);
#1898 = DEFINITIONAL_REPRESENTATION('',(#1899),#1903);
#1899 = LINE('',#1900,#1901);
#1900 = CARTESIAN_POINT('',(0.,-0.9652));
#1901 = VECTOR('',#1902,1.);
#1902 = DIRECTION('',(1.,0.));
#1903 = ( GEOMETRIC_REPRESENTATION_CONTEXT(2) 
PARAMETRIC_REPRESENTATION_CONTEXT() REPRESENTATION_CONTEXT('2D SPACE',''
  ) );
#1904 = PCURVE('',#1370,#1905);
#1905 = DEFINITIONAL_REPRESENTATION('',(#1906),#1910);
#1906 = LINE('',#1907,#1908);
#1907 = CARTESIAN_POINT('',(2.33600971129,1.778));
#1908 = VECTOR('',#1909,1.);
#1909 = DIRECTION('',(-1.,0.));
#1910 = ( GEOMETRIC_REPRESENTATION_CONTEXT(2) 
PARAMETRIC_REPRESENTATION_CONTEXT() REPRESENTATION_CONTEXT('2D SPACE',''
  ) );
#1911 = ORIENTED_EDGE('',*,*,#1319,.F.);
#1912 = ORIENTED_EDGE('',*,*,#1913,.F.);
#1913 = EDGE_CURVE('',#1844,#1320,#1914,.T.);
#1914 = SURFACE_CURVE('',#1915,(#1919,#1926),.PCURVE_S1.);
#1915 = LINE('',#1916,#1917);
#1916 = CARTESIAN_POINT('',(-0.4826,-1.778,-2.286));
#1917 = VECTOR('',#1918,1.);
#1918 = DIRECTION('',(0.,0.,-1.));
#1919 = PCURVE('',#1342,#1920);
#1920 = DEFINITIONAL_REPRESENTATION('',(#1921),#1925);
#1921 = LINE('',#1922,#1923);
#1922 = CARTESIAN_POINT('',(0.,0.));
#1923 = VECTOR('',#1924,1.);
#1924 = DIRECTION('',(1.,0.));
#1925 = ( GEOMETRIC_REPRESENTATION_CONTEXT(2) 
PARAMETRIC_REPRESENTATION_CONTEXT() REPRESENTATION_CONTEXT('2D SPACE',''
  ) );
#1926 = PCURVE('',#1424,#1927);
#1927 = DEFINITIONAL_REPRESENTATION('',(#1928),#1932);
#1928 = LINE('',#1929,#1930);
#1929 = CARTESIAN_POINT('',(2.33600971129,1.778));
#1930 = VECTOR('',#1931,1.);
#1931 = DIRECTION('',(-1.,0.));
#1932 = ( GEOMETRIC_REPRESENTATION_CONTEXT(2) 
PARAMETRIC_REPRESENTATION_CONTEXT() REPRESENTATION_CONTEXT('2D SPACE',''
  ) );
#1933 = ADVANCED_FACE('',(#1934),#1948,.F.);
#1934 = FACE_BOUND('',#1935,.T.);
#1935 = EDGE_LOOP('',(#1936,#1966,#1988,#1989));
#1936 = ORIENTED_EDGE('',*,*,#1937,.T.);
#1937 = EDGE_CURVE('',#1938,#1940,#1942,.T.);
#1938 = VERTEX_POINT('',#1939);
#1939 = CARTESIAN_POINT('',(-0.4826,1.524,0.));
#1940 = VERTEX_POINT('',#1941);
#1941 = CARTESIAN_POINT('',(0.4826,1.524,0.));
#1942 = SEAM_CURVE('',#1943,(#1947,#1959),.PCURVE_S1.);
#1943 = LINE('',#1944,#1945);
#1944 = CARTESIAN_POINT('',(-0.4826,1.524,0.));
#1945 = VECTOR('',#1946,1.);
#1946 = DIRECTION('',(1.,0.,0.));
#1947 = PCURVE('',#1948,#1953);
#1948 = CYLINDRICAL_SURFACE('',#1949,1.524);
#1949 = AXIS2_PLACEMENT_3D('',#1950,#1951,#1952);
#1950 = CARTESIAN_POINT('',(-0.4826,0.,0.));
#1951 = DIRECTION('',(-1.,-0.,-0.));
#1952 = DIRECTION('',(0.,1.,0.));
#1953 = DEFINITIONAL_REPRESENTATION('',(#1954),#1958);
#1954 = LINE('',#1955,#1956);
#1955 = CARTESIAN_POINT('',(-0.,0.));
#1956 = VECTOR('',#1957,1.);
#1957 = DIRECTION('',(-0.,-1.));
#1958 = ( GEOMETRIC_REPRESENTATION_CONTEXT(2) 
PARAMETRIC_REPRESENTATION_CONTEXT() REPRESENTATION_CONTEXT('2D SPACE',''
  ) );
#1959 = PCURVE('',#1948,#1960);
#1960 = DEFINITIONAL_REPRESENTATION('',(#1961),#1965);
#1961 = LINE('',#1962,#1963);
#1962 = CARTESIAN_POINT('',(-6.28318530718,0.));
#1963 = VECTOR('',#1964,1.);
#1964 = DIRECTION('',(-0.,-1.));
#1965 = ( GEOMETRIC_REPRESENTATION_CONTEXT(2) 
PARAMETRIC_REPRESENTATION_CONTEXT() REPRESENTATION_CONTEXT('2D SPACE',''
  ) );
#1966 = ORIENTED_EDGE('',*,*,#1967,.T.);
#1967 = EDGE_CURVE('',#1940,#1940,#1968,.T.);
#1968 = SURFACE_CURVE('',#1969,(#1974,#1981),.PCURVE_S1.);
#1969 = CIRCLE('',#1970,1.524);
#1970 = AXIS2_PLACEMENT_3D('',#1971,#1972,#1973);
#1971 = CARTESIAN_POINT('',(0.4826,0.,0.));
#1972 = DIRECTION('',(1.,0.,0.));
#1973 = DIRECTION('',(0.,1.,0.));
#1974 = PCURVE('',#1948,#1975);
#1975 = DEFINITIONAL_REPRESENTATION('',(#1976),#1980);
#1976 = LINE('',#1977,#1978);
#1977 = CARTESIAN_POINT('',(-0.,-0.9652));
#1978 = VECTOR('',#1979,1.);
#1979 = DIRECTION('',(-1.,0.));
#1980 = ( GEOMETRIC_REPRESENTATION_CONTEXT(2) 
PARAMETRIC_REPRESENTATION_CONTEXT() REPRESENTATION_CONTEXT('2D SPACE',''
  ) );
#1981 = PCURVE('',#1370,#1982);
#1982 = DEFINITIONAL_REPRESENTATION('',(#1983),#1987);
#1983 = CIRCLE('',#1984,1.524);
#1984 = AXIS2_PLACEMENT_2D('',#1985,#1986);
#1985 = CARTESIAN_POINT('',(4.62200971129,-8.65260100343E-18));
#1986 = DIRECTION('',(0.,-1.));
#1987 = ( GEOMETRIC_REPRESENTATION_CONTEXT(2) 
PARAMETRIC_REPRESENTATION_CONTEXT() REPRESENTATION_CONTEXT('2D SPACE',''
  ) );
#1988 = ORIENTED_EDGE('',*,*,#1937,.F.);
#1989 = ORIENTED_EDGE('',*,*,#1990,.F.);
#1990 = EDGE_CURVE('',#1938,#1938,#1991,.T.);
#1991 = SURFACE_CURVE('',#1992,(#1997,#2004),.PCURVE_S1.);
#1992 = CIRCLE('',#1993,1.524);
#1993 = AXIS2_PLACEMENT_3D('',#1994,#1995,#1996);
#1994 = CARTESIAN_POINT('',(-0.4826,0.,0.));
#1995 = DIRECTION('',(1.,0.,0.));
#1996 = DIRECTION('',(0.,1.,0.));
#1997 = PCURVE('',#1948,#1998);
#1998 = DEFINITIONAL_REPRESENTATION('',(#1999),#2003);
#1999 = LINE('',#2000,#2001);
#2000 = CARTESIAN_POINT('',(-0.,0.));
#2001 = VECTOR('',#2002,1.);
#2002 = DIRECTION('',(-1.,0.));
#2003 = ( GEOMETRIC_REPRESENTATION_CONTEXT(2) 
PARAMETRIC_REPRESENTATION_CONTEXT() REPRESENTATION_CONTEXT('2D SPACE',''
  ) );
#2004 = PCURVE('',#1424,#2005);
#2005 = DEFINITIONAL_REPRESENTATION('',(#2006),#2010);
#2006 = CIRCLE('',#2007,1.524);
#2007 = AXIS2_PLACEMENT_2D('',#2008,#2009);
#2008 = CARTESIAN_POINT('',(4.62200971129,-8.65260100343E-18));
#2009 = DIRECTION('',(0.,-1.));
#2010 = ( GEOMETRIC_REPRESENTATION_CONTEXT(2) 
PARAMETRIC_REPRESENTATION_CONTEXT() REPRESENTATION_CONTEXT('2D SPACE',''
  ) );
#2011 = ADVANCED_FACE('',(#2012),#2026,.F.);
#2012 = FACE_BOUND('',#2013,.T.);
#2013 = EDGE_LOOP('',(#2014,#2044,#2066,#2067));
#2014 = ORIENTED_EDGE('',*,*,#2015,.T.);
#2015 = EDGE_CURVE('',#2016,#2018,#2020,.T.);
#2016 = VERTEX_POINT('',#2017);
#2017 = CARTESIAN_POINT('',(-0.4826,0.8255,-10.287));
#2018 = VERTEX_POINT('',#2019);
#2019 = CARTESIAN_POINT('',(0.4826,0.8255,-10.287));
#2020 = SEAM_CURVE('',#2021,(#2025,#2037),.PCURVE_S1.);
#2021 = LINE('',#2022,#2023);
#2022 = CARTESIAN_POINT('',(-0.4826,0.8255,-10.287));
#2023 = VECTOR('',#2024,1.);
#2024 = DIRECTION('',(1.,0.,0.));
#2025 = PCURVE('',#2026,#2031);
#2026 = CYLINDRICAL_SURFACE('',#2027,0.8255);
#2027 = AXIS2_PLACEMENT_3D('',#2028,#2029,#2030);
#2028 = CARTESIAN_POINT('',(-0.4826,0.,-10.287));
#2029 = DIRECTION('',(-1.,-0.,-0.));
#2030 = DIRECTION('',(0.,1.,0.));
#2031 = DEFINITIONAL_REPRESENTATION('',(#2032),#2036);
#2032 = LINE('',#2033,#2034);
#2033 = CARTESIAN_POINT('',(-0.,0.));
#2034 = VECTOR('',#2035,1.);
#2035 = DIRECTION('',(-0.,-1.));
#2036 = ( GEOMETRIC_REPRESENTATION_CONTEXT(2) 
PARAMETRIC_REPRESENTATION_CONTEXT() REPRESENTATION_CONTEXT('2D SPACE',''
  ) );
#2037 = PCURVE('',#2026,#2038);
#2038 = DEFINITIONAL_REPRESENTATION('',(#2039),#2043);
#2039 = LINE('',#2040,#2041);
#2040 = CARTESIAN_POINT('',(-6.28318530718,0.));
#2041 = VECTOR('',#2042,1.);
#2042 = DIRECTION('',(-0.,-1.));
#2043 = ( GEOMETRIC_REPRESENTATION_CONTEXT(2) 
PARAMETRIC_REPRESENTATION_CONTEXT() REPRESENTATION_CONTEXT('2D SPACE',''
  ) );
#2044 = ORIENTED_EDGE('',*,*,#2045,.T.);
#2045 = EDGE_CURVE('',#2018,#2018,#2046,.T.);
#2046 = SURFACE_CURVE('',#2047,(#2052,#2059),.PCURVE_S1.);
#2047 = CIRCLE('',#2048,0.8255);
#2048 = AXIS2_PLACEMENT_3D('',#2049,#2050,#2051);
#2049 = CARTESIAN_POINT('',(0.4826,0.,-10.287));
#2050 = DIRECTION('',(1.,0.,0.));
#2051 = DIRECTION('',(0.,1.,0.));
#2052 = PCURVE('',#2026,#2053);
#2053 = DEFINITIONAL_REPRESENTATION('',(#2054),#2058);
#2054 = LINE('',#2055,#2056);
#2055 = CARTESIAN_POINT('',(-0.,-0.9652));
#2056 = VECTOR('',#2057,1.);
#2057 = DIRECTION('',(-1.,0.));
#2058 = ( GEOMETRIC_REPRESENTATION_CONTEXT(2) 
PARAMETRIC_REPRESENTATION_CONTEXT() REPRESENTATION_CONTEXT('2D SPACE',''
  ) );
#2059 = PCURVE('',#1370,#2060);
#2060 = DEFINITIONAL_REPRESENTATION('',(#2061),#2065);
#2061 = CIRCLE('',#2062,0.8255);
#2062 = AXIS2_PLACEMENT_2D('',#2063,#2064);
#2063 = CARTESIAN_POINT('',(-5.66499028871,-8.65260100343E-18));
#2064 = DIRECTION('',(0.,-1.));
#2065 = ( GEOMETRIC_REPRESENTATION_CONTEXT(2) 
PARAMETRIC_REPRESENTATION_CONTEXT() REPRESENTATION_CONTEXT('2D SPACE',''
  ) );
#2066 = ORIENTED_EDGE('',*,*,#2015,.F.);
#2067 = ORIENTED_EDGE('',*,*,#2068,.F.);
#2068 = EDGE_CURVE('',#2016,#2016,#2069,.T.);
#2069 = SURFACE_CURVE('',#2070,(#2075,#2082),.PCURVE_S1.);
#2070 = CIRCLE('',#2071,0.8255);
#2071 = AXIS2_PLACEMENT_3D('',#2072,#2073,#2074);
#2072 = CARTESIAN_POINT('',(-0.4826,0.,-10.287));
#2073 = DIRECTION('',(1.,0.,0.));
#2074 = DIRECTION('',(0.,1.,0.));
#2075 = PCURVE('',#2026,#2076);
#2076 = DEFINITIONAL_REPRESENTATION('',(#2077),#2081);
#2077 = LINE('',#2078,#2079);
#2078 = CARTESIAN_POINT('',(-0.,0.));
#2079 = VECTOR('',#2080,1.);
#2080 = DIRECTION('',(-1.,0.));
#2081 = ( GEOMETRIC_REPRESENTATION_CONTEXT(2) 
PARAMETRIC_REPRESENTATION_CONTEXT() REPRESENTATION_CONTEXT('2D SPACE',''
  ) );
#2082 = PCURVE('',#1424,#2083);
#2083 = DEFINITIONAL_REPRESENTATION('',(#2084),#2088);
#2084 = CIRCLE('',#2085,0.8255);
#2085 = AXIS2_PLACEMENT_2D('',#2086,#2087);
#2086 = CARTESIAN_POINT('',(-5.66499028871,-8.65260100343E-18));
#2087 = DIRECTION('',(0.,-1.));
#2088 = ( GEOMETRIC_REPRESENTATION_CONTEXT(2) 
PARAMETRIC_REPRESENTATION_CONTEXT() REPRESENTATION_CONTEXT('2D SPACE',''
  ) );
#2089 = ADVANCED_FACE('',(#2090,#2100,#2103),#1424,.F.);
#2090 = FACE_BOUND('',#2091,.F.);
#2091 = EDGE_LOOP('',(#2092,#2093,#2094,#2095,#2096,#2097,#2098,#2099));
#2092 = ORIENTED_EDGE('',*,*,#1410,.T.);
#2093 = ORIENTED_EDGE('',*,*,#1491,.T.);
#2094 = ORIENTED_EDGE('',*,*,#1567,.T.);
#2095 = ORIENTED_EDGE('',*,*,#1643,.T.);
#2096 = ORIENTED_EDGE('',*,*,#1719,.T.);
#2097 = ORIENTED_EDGE('',*,*,#1795,.T.);
#2098 = ORIENTED_EDGE('',*,*,#1866,.T.);
#2099 = ORIENTED_EDGE('',*,*,#1913,.T.);
#2100 = FACE_BOUND('',#2101,.T.);
#2101 = EDGE_LOOP('',(#2102));
#2102 = ORIENTED_EDGE('',*,*,#1990,.T.);
#2103 = FACE_BOUND('',#2104,.T.);
#2104 = EDGE_LOOP('',(#2105));
#2105 = ORIENTED_EDGE('',*,*,#2068,.T.);
#2106 = ADVANCED_FACE('',(#2107,#2117,#2120),#1370,.T.);
#2107 = FACE_BOUND('',#2108,.T.);
#2108 = EDGE_LOOP('',(#2109,#2110,#2111,#2112,#2113,#2114,#2115,#2116));
#2109 = ORIENTED_EDGE('',*,*,#1354,.T.);
#2110 = ORIENTED_EDGE('',*,*,#1440,.T.);
#2111 = ORIENTED_EDGE('',*,*,#1516,.T.);
#2112 = ORIENTED_EDGE('',*,*,#1592,.T.);
#2113 = ORIENTED_EDGE('',*,*,#1668,.T.);
#2114 = ORIENTED_EDGE('',*,*,#1744,.T.);
#2115 = ORIENTED_EDGE('',*,*,#1820,.T.);
#2116 = ORIENTED_EDGE('',*,*,#1891,.T.);
#2117 = FACE_BOUND('',#2118,.F.);
#2118 = EDGE_LOOP('',(#2119));
#2119 = ORIENTED_EDGE('',*,*,#1967,.T.);
#2120 = FACE_BOUND('',#2121,.F.);
#2121 = EDGE_LOOP('',(#2122));
#2122 = ORIENTED_EDGE('',*,*,#2045,.T.);
#2123 = ( GEOMETRIC_REPRESENTATION_CONTEXT(3) 
GLOBAL_UNCERTAINTY_ASSIGNED_CONTEXT((#2127)) 
GLOBAL_UNIT_ASSIGNED_CONTEXT((#2124,#2125,#2126)) REPRESENTATION_CONTEXT
('Context #1','3D Context with UNIT and UNCERTAINTY') );
#2124 = ( LENGTH_UNIT() NAMED_UNIT(*) SI_UNIT(.MILLI.,.METRE.) );
#2125 = ( NAMED_UNIT(*) PLANE_ANGLE_UNIT() SI_UNIT($,.RADIAN.) );
#2126 = ( NAMED_UNIT(*) SI_UNIT($,.STERADIAN.) SOLID_ANGLE_UNIT() );
#2127 = UNCERTAINTY_MEASURE_WITH_UNIT(LENGTH_MEASURE(1.E-07),#2124,
  'distance_accuracy_value','confusion accuracy');
#2128 = CONTEXT_DEPENDENT_SHAPE_REPRESENTATION(#2129,#2131);
#2129 = ( REPRESENTATION_RELATIONSHIP('','',#1312,#10) 
REPRESENTATION_RELATIONSHIP_WITH_TRANSFORMATION(#2130) 
SHAPE_REPRESENTATION_RELATIONSHIP() );
#2130 = ITEM_DEFINED_TRANSFORMATION('','',#11,#23);
#2131 = PRODUCT_DEFINITION_SHAPE('Placement','Placement of an item',
  #2132);
#2132 = NEXT_ASSEMBLY_USAGE_OCCURRENCE('12','ContactBody001','',#5,#1307
  ,$);
#2133 = PRODUCT_RELATED_PRODUCT_CATEGORY('part',$,(#1309));
#2134 = SHAPE_DEFINITION_REPRESENTATION(#2135,#2141);
#2135 = PRODUCT_DEFINITION_SHAPE('','',#2136);
#2136 = PRODUCT_DEFINITION('design','',#2137,#2140);
#2137 = PRODUCT_DEFINITION_FORMATION('','',#2138);
#2138 = PRODUCT('Screw','Screw','',(#2139));
#2139 = PRODUCT_CONTEXT('',#2,'mechanical');
#2140 = PRODUCT_DEFINITION_CONTEXT('part definition',#2,'design');
#2141 = ADVANCED_BREP_SHAPE_REPRESENTATION('',(#11,#2142),#2712);
#2142 = MANIFOLD_SOLID_BREP('',#2143);
#2143 = CLOSED_SHELL('',(#2144,#2232,#2342,#2418,#2494,#2570,#2641,#2688
    ,#2700));
#2144 = ADVANCED_FACE('',(#2145),#2159,.T.);
#2145 = FACE_BOUND('',#2146,.F.);
#2146 = EDGE_LOOP('',(#2147,#2177,#2204,#2205));
#2147 = ORIENTED_EDGE('',*,*,#2148,.T.);
#2148 = EDGE_CURVE('',#2149,#2151,#2153,.T.);
#2149 = VERTEX_POINT('',#2150);
#2150 = CARTESIAN_POINT('',(0.,2.159,2.111830598273E-25));
#2151 = VERTEX_POINT('',#2152);
#2152 = CARTESIAN_POINT('',(8.89,2.159,2.111830598273E-25));
#2153 = SEAM_CURVE('',#2154,(#2158,#2170),.PCURVE_S1.);
#2154 = LINE('',#2155,#2156);
#2155 = CARTESIAN_POINT('',(0.,2.159,2.111830598273E-25));
#2156 = VECTOR('',#2157,1.);
#2157 = DIRECTION('',(1.,0.,0.));
#2158 = PCURVE('',#2159,#2164);
#2159 = CYLINDRICAL_SURFACE('',#2160,2.159);
#2160 = AXIS2_PLACEMENT_3D('',#2161,#2162,#2163);
#2161 = CARTESIAN_POINT('',(0.,0.,2.111830598273E-25));
#2162 = DIRECTION('',(-1.,-0.,-0.));
#2163 = DIRECTION('',(0.,1.,0.));
#2164 = DEFINITIONAL_REPRESENTATION('',(#2165),#2169);
#2165 = LINE('',#2166,#2167);
#2166 = CARTESIAN_POINT('',(-0.,0.));
#2167 = VECTOR('',#2168,1.);
#2168 = DIRECTION('',(-0.,-1.));
#2169 = ( GEOMETRIC_REPRESENTATION_CONTEXT(2) 
PARAMETRIC_REPRESENTATION_CONTEXT() REPRESENTATION_CONTEXT('2D SPACE',''
  ) );
#2170 = PCURVE('',#2159,#2171);
#2171 = DEFINITIONAL_REPRESENTATION('',(#2172),#2176);
#2172 = LINE('',#2173,#2174);
#2173 = CARTESIAN_POINT('',(-6.28318530718,0.));
#2174 = VECTOR('',#2175,1.);
#2175 = DIRECTION('',(-0.,-1.));
#2176 = ( GEOMETRIC_REPRESENTATION_CONTEXT(2) 
PARAMETRIC_REPRESENTATION_CONTEXT() REPRESENTATION_CONTEXT('2D SPACE',''
  ) );
#2177 = ORIENTED_EDGE('',*,*,#2178,.T.);
#2178 = EDGE_CURVE('',#2151,#2151,#2179,.T.);
#2179 = SURFACE_CURVE('',#2180,(#2185,#2192),.PCURVE_S1.);
#2180 = CIRCLE('',#2181,2.159);
#2181 = AXIS2_PLACEMENT_3D('',#2182,#2183,#2184);
#2182 = CARTESIAN_POINT('',(8.89,0.,2.111830598273E-25));
#2183 = DIRECTION('',(1.,0.,0.));
#2184 = DIRECTION('',(0.,1.,0.));
#2185 = PCURVE('',#2159,#2186);
#2186 = DEFINITIONAL_REPRESENTATION('',(#2187),#2191);
#2187 = LINE('',#2188,#2189);
#2188 = CARTESIAN_POINT('',(-0.,-8.89));
#2189 = VECTOR('',#2190,1.);
#2190 = DIRECTION('',(-1.,0.));
#2191 = ( GEOMETRIC_REPRESENTATION_CONTEXT(2) 
PARAMETRIC_REPRESENTATION_CONTEXT() REPRESENTATION_CONTEXT('2D SPACE',''
  ) );
#2192 = PCURVE('',#2193,#2198);
#2193 = PLANE('',#2194);
#2194 = AXIS2_PLACEMENT_3D('',#2195,#2196,#2197);
#2195 = CARTESIAN_POINT('',(8.89,-6.843588011508E-17,1.140598001918E-17)
  );
#2196 = DIRECTION('',(1.,0.,0.));
#2197 = DIRECTION('',(0.,0.,1.));
#2198 = DEFINITIONAL_REPRESENTATION('',(#2199),#2203);
#2199 = CIRCLE('',#2200,2.159);
#2200 = AXIS2_PLACEMENT_2D('',#2201,#2202);
#2201 = CARTESIAN_POINT('',(-1.1405979808E-17,-6.843588011508E-17));
#2202 = DIRECTION('',(0.,-1.));
#2203 = ( GEOMETRIC_REPRESENTATION_CONTEXT(2) 
PARAMETRIC_REPRESENTATION_CONTEXT() REPRESENTATION_CONTEXT('2D SPACE',''
  ) );
#2204 = ORIENTED_EDGE('',*,*,#2148,.F.);
#2205 = ORIENTED_EDGE('',*,*,#2206,.F.);
#2206 = EDGE_CURVE('',#2149,#2149,#2207,.T.);
#2207 = SURFACE_CURVE('',#2208,(#2213,#2220),.PCURVE_S1.);
#2208 = CIRCLE('',#2209,2.159);
#2209 = AXIS2_PLACEMENT_3D('',#2210,#2211,#2212);
#2210 = CARTESIAN_POINT('',(0.,0.,2.111830598273E-25));
#2211 = DIRECTION('',(1.,0.,0.));
#2212 = DIRECTION('',(0.,1.,0.));
#2213 = PCURVE('',#2159,#2214);
#2214 = DEFINITIONAL_REPRESENTATION('',(#2215),#2219);
#2215 = LINE('',#2216,#2217);
#2216 = CARTESIAN_POINT('',(-0.,0.));
#2217 = VECTOR('',#2218,1.);
#2218 = DIRECTION('',(-1.,0.));
#2219 = ( GEOMETRIC_REPRESENTATION_CONTEXT(2) 
PARAMETRIC_REPRESENTATION_CONTEXT() REPRESENTATION_CONTEXT('2D SPACE',''
  ) );
#2220 = PCURVE('',#2221,#2226);
#2221 = PLANE('',#2222);
#2222 = AXIS2_PLACEMENT_3D('',#2223,#2224,#2225);
#2223 = CARTESIAN_POINT('',(0.,-6.843588011508E-17,1.140598001918E-17));
#2224 = DIRECTION('',(1.,0.,0.));
#2225 = DIRECTION('',(0.,0.,1.));
#2226 = DEFINITIONAL_REPRESENTATION('',(#2227),#2231);
#2227 = CIRCLE('',#2228,2.159);
#2228 = AXIS2_PLACEMENT_2D('',#2229,#2230);
#2229 = CARTESIAN_POINT('',(-1.1405979808E-17,-6.843588011508E-17));
#2230 = DIRECTION('',(0.,-1.));
#2231 = ( GEOMETRIC_REPRESENTATION_CONTEXT(2) 
PARAMETRIC_REPRESENTATION_CONTEXT() REPRESENTATION_CONTEXT('2D SPACE',''
  ) );
#2232 = ADVANCED_FACE('',(#2233),#2247,.T.);
#2233 = FACE_BOUND('',#2234,.T.);
#2234 = EDGE_LOOP('',(#2235,#2270,#2293,#2321));
#2235 = ORIENTED_EDGE('',*,*,#2236,.T.);
#2236 = EDGE_CURVE('',#2237,#2239,#2241,.T.);
#2237 = VERTEX_POINT('',#2238);
#2238 = CARTESIAN_POINT('',(0.,1.190625,0.687407664254));
#2239 = VERTEX_POINT('',#2240);
#2240 = CARTESIAN_POINT('',(8.89,1.190625,0.687407664254));
#2241 = SURFACE_CURVE('',#2242,(#2246,#2258),.PCURVE_S1.);
#2242 = LINE('',#2243,#2244);
#2243 = CARTESIAN_POINT('',(0.,1.190625,0.687407664254));
#2244 = VECTOR('',#2245,1.);
#2245 = DIRECTION('',(1.,0.,0.));
#2246 = PCURVE('',#2247,#2252);
#2247 = PLANE('',#2248);
#2248 = AXIS2_PLACEMENT_3D('',#2249,#2250,#2251);
#2249 = CARTESIAN_POINT('',(0.,1.190625,0.687407664254));
#2250 = DIRECTION('',(0.,-0.5,-0.866025403784));
#2251 = DIRECTION('',(0.,-0.866025403784,0.5));
#2252 = DEFINITIONAL_REPRESENTATION('',(#2253),#2257);
#2253 = LINE('',#2254,#2255);
#2254 = CARTESIAN_POINT('',(0.,0.));
#2255 = VECTOR('',#2256,1.);
#2256 = DIRECTION('',(0.,-1.));
#2257 = ( GEOMETRIC_REPRESENTATION_CONTEXT(2) 
PARAMETRIC_REPRESENTATION_CONTEXT() REPRESENTATION_CONTEXT('2D SPACE',''
  ) );
#2258 = PCURVE('',#2259,#2264);
#2259 = PLANE('',#2260);
#2260 = AXIS2_PLACEMENT_3D('',#2261,#2262,#2263);
#2261 = CARTESIAN_POINT('',(0.,1.190625,-0.687407664254));
#2262 = DIRECTION('',(0.,-1.,0.));
#2263 = DIRECTION('',(0.,0.,1.));
#2264 = DEFINITIONAL_REPRESENTATION('',(#2265),#2269);
#2265 = LINE('',#2266,#2267);
#2266 = CARTESIAN_POINT('',(1.374815328508,0.));
#2267 = VECTOR('',#2268,1.);
#2268 = DIRECTION('',(0.,-1.));
#2269 = ( GEOMETRIC_REPRESENTATION_CONTEXT(2) 
PARAMETRIC_REPRESENTATION_CONTEXT() REPRESENTATION_CONTEXT('2D SPACE',''
  ) );
#2270 = ORIENTED_EDGE('',*,*,#2271,.T.);
#2271 = EDGE_CURVE('',#2239,#2272,#2274,.T.);
#2272 = VERTEX_POINT('',#2273);
#2273 = CARTESIAN_POINT('',(8.89,-2.22044604925E-16,1.374815328508));
#2274 = SURFACE_CURVE('',#2275,(#2279,#2286),.PCURVE_S1.);
#2275 = LINE('',#2276,#2277);
#2276 = CARTESIAN_POINT('',(8.89,1.190625,0.687407664254));
#2277 = VECTOR('',#2278,1.);
#2278 = DIRECTION('',(0.,-0.866025403784,0.5));
#2279 = PCURVE('',#2247,#2280);
#2280 = DEFINITIONAL_REPRESENTATION('',(#2281),#2285);
#2281 = LINE('',#2282,#2283);
#2282 = CARTESIAN_POINT('',(0.,-8.89));
#2283 = VECTOR('',#2284,1.);
#2284 = DIRECTION('',(1.,0.));
#2285 = ( GEOMETRIC_REPRESENTATION_CONTEXT(2) 
PARAMETRIC_REPRESENTATION_CONTEXT() REPRESENTATION_CONTEXT('2D SPACE',''
  ) );
#2286 = PCURVE('',#2193,#2287);
#2287 = DEFINITIONAL_REPRESENTATION('',(#2288),#2292);
#2288 = LINE('',#2289,#2290);
#2289 = CARTESIAN_POINT('',(0.687407664254,-1.190625));
#2290 = VECTOR('',#2291,1.);
#2291 = DIRECTION('',(0.5,0.866025403784));
#2292 = ( GEOMETRIC_REPRESENTATION_CONTEXT(2) 
PARAMETRIC_REPRESENTATION_CONTEXT() REPRESENTATION_CONTEXT('2D SPACE',''
  ) );
#2293 = ORIENTED_EDGE('',*,*,#2294,.F.);
#2294 = EDGE_CURVE('',#2295,#2272,#2297,.T.);
#2295 = VERTEX_POINT('',#2296);
#2296 = CARTESIAN_POINT('',(0.,-2.22044604925E-16,1.374815328508));
#2297 = SURFACE_CURVE('',#2298,(#2302,#2309),.PCURVE_S1.);
#2298 = LINE('',#2299,#2300);
#2299 = CARTESIAN_POINT('',(0.,-2.22044604925E-16,1.374815328508));
#2300 = VECTOR('',#2301,1.);
#2301 = DIRECTION('',(1.,0.,0.));
#2302 = PCURVE('',#2247,#2303);
#2303 = DEFINITIONAL_REPRESENTATION('',(#2304),#2308);
#2304 = LINE('',#2305,#2306);
#2305 = CARTESIAN_POINT('',(1.374815328508,0.));
#2306 = VECTOR('',#2307,1.);
#2307 = DIRECTION('',(0.,-1.));
#2308 = ( GEOMETRIC_REPRESENTATION_CONTEXT(2) 
PARAMETRIC_REPRESENTATION_CONTEXT() REPRESENTATION_CONTEXT('2D SPACE',''
  ) );
#2309 = PCURVE('',#2310,#2315);
#2310 = PLANE('',#2311);
#2311 = AXIS2_PLACEMENT_3D('',#2312,#2313,#2314);
#2312 = CARTESIAN_POINT('',(0.,-2.22044604925E-16,1.374815328508));
#2313 = DIRECTION('',(0.,0.5,-0.866025403784));
#2314 = DIRECTION('',(0.,-0.866025403784,-0.5));
#2315 = DEFINITIONAL_REPRESENTATION('',(#2316),#2320);
#2316 = LINE('',#2317,#2318);
#2317 = CARTESIAN_POINT('',(0.,0.));
#2318 = VECTOR('',#2319,1.);
#2319 = DIRECTION('',(0.,-1.));
#2320 = ( GEOMETRIC_REPRESENTATION_CONTEXT(2) 
PARAMETRIC_REPRESENTATION_CONTEXT() REPRESENTATION_CONTEXT('2D SPACE',''
  ) );
#2321 = ORIENTED_EDGE('',*,*,#2322,.F.);
#2322 = EDGE_CURVE('',#2237,#2295,#2323,.T.);
#2323 = SURFACE_CURVE('',#2324,(#2328,#2335),.PCURVE_S1.);
#2324 = LINE('',#2325,#2326);
#2325 = CARTESIAN_POINT('',(0.,1.190625,0.687407664254));
#2326 = VECTOR('',#2327,1.);
#2327 = DIRECTION('',(0.,-0.866025403784,0.5));
#2328 = PCURVE('',#2247,#2329);
#2329 = DEFINITIONAL_REPRESENTATION('',(#2330),#2334);
#2330 = LINE('',#2331,#2332);
#2331 = CARTESIAN_POINT('',(0.,0.));
#2332 = VECTOR('',#2333,1.);
#2333 = DIRECTION('',(1.,0.));
#2334 = ( GEOMETRIC_REPRESENTATION_CONTEXT(2) 
PARAMETRIC_REPRESENTATION_CONTEXT() REPRESENTATION_CONTEXT('2D SPACE',''
  ) );
#2335 = PCURVE('',#2221,#2336);
#2336 = DEFINITIONAL_REPRESENTATION('',(#2337),#2341);
#2337 = LINE('',#2338,#2339);
#2338 = CARTESIAN_POINT('',(0.687407664254,-1.190625));
#2339 = VECTOR('',#2340,1.);
#2340 = DIRECTION('',(0.5,0.866025403784));
#2341 = ( GEOMETRIC_REPRESENTATION_CONTEXT(2) 
PARAMETRIC_REPRESENTATION_CONTEXT() REPRESENTATION_CONTEXT('2D SPACE',''
  ) );
#2342 = ADVANCED_FACE('',(#2343),#2310,.T.);
#2343 = FACE_BOUND('',#2344,.T.);
#2344 = EDGE_LOOP('',(#2345,#2346,#2369,#2397));
#2345 = ORIENTED_EDGE('',*,*,#2294,.T.);
#2346 = ORIENTED_EDGE('',*,*,#2347,.T.);
#2347 = EDGE_CURVE('',#2272,#2348,#2350,.T.);
#2348 = VERTEX_POINT('',#2349);
#2349 = CARTESIAN_POINT('',(8.89,-1.190625,0.687407664254));
#2350 = SURFACE_CURVE('',#2351,(#2355,#2362),.PCURVE_S1.);
#2351 = LINE('',#2352,#2353);
#2352 = CARTESIAN_POINT('',(8.89,-2.22044604925E-16,1.374815328508));
#2353 = VECTOR('',#2354,1.);
#2354 = DIRECTION('',(0.,-0.866025403784,-0.5));
#2355 = PCURVE('',#2310,#2356);
#2356 = DEFINITIONAL_REPRESENTATION('',(#2357),#2361);
#2357 = LINE('',#2358,#2359);
#2358 = CARTESIAN_POINT('',(0.,-8.89));
#2359 = VECTOR('',#2360,1.);
#2360 = DIRECTION('',(1.,-0.));
#2361 = ( GEOMETRIC_REPRESENTATION_CONTEXT(2) 
PARAMETRIC_REPRESENTATION_CONTEXT() REPRESENTATION_CONTEXT('2D SPACE',''
  ) );
#2362 = PCURVE('',#2193,#2363);
#2363 = DEFINITIONAL_REPRESENTATION('',(#2364),#2368);
#2364 = LINE('',#2365,#2366);
#2365 = CARTESIAN_POINT('',(1.374815328508,1.5360872481E-16));
#2366 = VECTOR('',#2367,1.);
#2367 = DIRECTION('',(-0.5,0.866025403784));
#2368 = ( GEOMETRIC_REPRESENTATION_CONTEXT(2) 
PARAMETRIC_REPRESENTATION_CONTEXT() REPRESENTATION_CONTEXT('2D SPACE',''
  ) );
#2369 = ORIENTED_EDGE('',*,*,#2370,.F.);
#2370 = EDGE_CURVE('',#2371,#2348,#2373,.T.);
#2371 = VERTEX_POINT('',#2372);
#2372 = CARTESIAN_POINT('',(0.,-1.190625,0.687407664254));
#2373 = SURFACE_CURVE('',#2374,(#2378,#2385),.PCURVE_S1.);
#2374 = LINE('',#2375,#2376);
#2375 = CARTESIAN_POINT('',(0.,-1.190625,0.687407664254));
#2376 = VECTOR('',#2377,1.);
#2377 = DIRECTION('',(1.,0.,0.));
#2378 = PCURVE('',#2310,#2379);
#2379 = DEFINITIONAL_REPRESENTATION('',(#2380),#2384);
#2380 = LINE('',#2381,#2382);
#2381 = CARTESIAN_POINT('',(1.374815328508,-0.));
#2382 = VECTOR('',#2383,1.);
#2383 = DIRECTION('',(0.,-1.));
#2384 = ( GEOMETRIC_REPRESENTATION_CONTEXT(2) 
PARAMETRIC_REPRESENTATION_CONTEXT() REPRESENTATION_CONTEXT('2D SPACE',''
  ) );
#2385 = PCURVE('',#2386,#2391);
#2386 = PLANE('',#2387);
#2387 = AXIS2_PLACEMENT_3D('',#2388,#2389,#2390);
#2388 = CARTESIAN_POINT('',(0.,-1.190625,0.687407664254));
#2389 = DIRECTION('',(0.,1.,0.));
#2390 = DIRECTION('',(0.,0.,-1.));
#2391 = DEFINITIONAL_REPRESENTATION('',(#2392),#2396);
#2392 = LINE('',#2393,#2394);
#2393 = CARTESIAN_POINT('',(0.,0.));
#2394 = VECTOR('',#2395,1.);
#2395 = DIRECTION('',(0.,-1.));
#2396 = ( GEOMETRIC_REPRESENTATION_CONTEXT(2) 
PARAMETRIC_REPRESENTATION_CONTEXT() REPRESENTATION_CONTEXT('2D SPACE',''
  ) );
#2397 = ORIENTED_EDGE('',*,*,#2398,.F.);
#2398 = EDGE_CURVE('',#2295,#2371,#2399,.T.);
#2399 = SURFACE_CURVE('',#2400,(#2404,#2411),.PCURVE_S1.);
#2400 = LINE('',#2401,#2402);
#2401 = CARTESIAN_POINT('',(0.,-2.22044604925E-16,1.374815328508));
#2402 = VECTOR('',#2403,1.);
#2403 = DIRECTION('',(0.,-0.866025403784,-0.5));
#2404 = PCURVE('',#2310,#2405);
#2405 = DEFINITIONAL_REPRESENTATION('',(#2406),#2410);
#2406 = LINE('',#2407,#2408);
#2407 = CARTESIAN_POINT('',(0.,0.));
#2408 = VECTOR('',#2409,1.);
#2409 = DIRECTION('',(1.,-0.));
#2410 = ( GEOMETRIC_REPRESENTATION_CONTEXT(2) 
PARAMETRIC_REPRESENTATION_CONTEXT() REPRESENTATION_CONTEXT('2D SPACE',''
  ) );
#2411 = PCURVE('',#2221,#2412);
#2412 = DEFINITIONAL_REPRESENTATION('',(#2413),#2417);
#2413 = LINE('',#2414,#2415);
#2414 = CARTESIAN_POINT('',(1.374815328508,1.5360872481E-16));
#2415 = VECTOR('',#2416,1.);
#2416 = DIRECTION('',(-0.5,0.866025403784));
#2417 = ( GEOMETRIC_REPRESENTATION_CONTEXT(2) 
PARAMETRIC_REPRESENTATION_CONTEXT() REPRESENTATION_CONTEXT('2D SPACE',''
  ) );
#2418 = ADVANCED_FACE('',(#2419),#2386,.T.);
#2419 = FACE_BOUND('',#2420,.T.);
#2420 = EDGE_LOOP('',(#2421,#2422,#2445,#2473));
#2421 = ORIENTED_EDGE('',*,*,#2370,.T.);
#2422 = ORIENTED_EDGE('',*,*,#2423,.T.);
#2423 = EDGE_CURVE('',#2348,#2424,#2426,.T.);
#2424 = VERTEX_POINT('',#2425);
#2425 = CARTESIAN_POINT('',(8.89,-1.190625,-0.687407664254));
#2426 = SURFACE_CURVE('',#2427,(#2431,#2438),.PCURVE_S1.);
#2427 = LINE('',#2428,#2429);
#2428 = CARTESIAN_POINT('',(8.89,-1.190625,0.687407664254));
#2429 = VECTOR('',#2430,1.);
#2430 = DIRECTION('',(0.,0.,-1.));
#2431 = PCURVE('',#2386,#2432);
#2432 = DEFINITIONAL_REPRESENTATION('',(#2433),#2437);
#2433 = LINE('',#2434,#2435);
#2434 = CARTESIAN_POINT('',(0.,-8.89));
#2435 = VECTOR('',#2436,1.);
#2436 = DIRECTION('',(1.,0.));
#2437 = ( GEOMETRIC_REPRESENTATION_CONTEXT(2) 
PARAMETRIC_REPRESENTATION_CONTEXT() REPRESENTATION_CONTEXT('2D SPACE',''
  ) );
#2438 = PCURVE('',#2193,#2439);
#2439 = DEFINITIONAL_REPRESENTATION('',(#2440),#2444);
#2440 = LINE('',#2441,#2442);
#2441 = CARTESIAN_POINT('',(0.687407664254,1.190625));
#2442 = VECTOR('',#2443,1.);
#2443 = DIRECTION('',(-1.,0.));
#2444 = ( GEOMETRIC_REPRESENTATION_CONTEXT(2) 
PARAMETRIC_REPRESENTATION_CONTEXT() REPRESENTATION_CONTEXT('2D SPACE',''
  ) );
#2445 = ORIENTED_EDGE('',*,*,#2446,.F.);
#2446 = EDGE_CURVE('',#2447,#2424,#2449,.T.);
#2447 = VERTEX_POINT('',#2448);
#2448 = CARTESIAN_POINT('',(0.,-1.190625,-0.687407664254));
#2449 = SURFACE_CURVE('',#2450,(#2454,#2461),.PCURVE_S1.);
#2450 = LINE('',#2451,#2452);
#2451 = CARTESIAN_POINT('',(0.,-1.190625,-0.687407664254));
#2452 = VECTOR('',#2453,1.);
#2453 = DIRECTION('',(1.,0.,0.));
#2454 = PCURVE('',#2386,#2455);
#2455 = DEFINITIONAL_REPRESENTATION('',(#2456),#2460);
#2456 = LINE('',#2457,#2458);
#2457 = CARTESIAN_POINT('',(1.374815328508,0.));
#2458 = VECTOR('',#2459,1.);
#2459 = DIRECTION('',(0.,-1.));
#2460 = ( GEOMETRIC_REPRESENTATION_CONTEXT(2) 
PARAMETRIC_REPRESENTATION_CONTEXT() REPRESENTATION_CONTEXT('2D SPACE',''
  ) );
#2461 = PCURVE('',#2462,#2467);
#2462 = PLANE('',#2463);
#2463 = AXIS2_PLACEMENT_3D('',#2464,#2465,#2466);
#2464 = CARTESIAN_POINT('',(0.,-1.190625,-0.687407664254));
#2465 = DIRECTION('',(0.,0.5,0.866025403784));
#2466 = DIRECTION('',(0.,0.866025403784,-0.5));
#2467 = DEFINITIONAL_REPRESENTATION('',(#2468),#2472);
#2468 = LINE('',#2469,#2470);
#2469 = CARTESIAN_POINT('',(0.,0.));
#2470 = VECTOR('',#2471,1.);
#2471 = DIRECTION('',(0.,-1.));
#2472 = ( GEOMETRIC_REPRESENTATION_CONTEXT(2) 
PARAMETRIC_REPRESENTATION_CONTEXT() REPRESENTATION_CONTEXT('2D SPACE',''
  ) );
#2473 = ORIENTED_EDGE('',*,*,#2474,.F.);
#2474 = EDGE_CURVE('',#2371,#2447,#2475,.T.);
#2475 = SURFACE_CURVE('',#2476,(#2480,#2487),.PCURVE_S1.);
#2476 = LINE('',#2477,#2478);
#2477 = CARTESIAN_POINT('',(0.,-1.190625,0.687407664254));
#2478 = VECTOR('',#2479,1.);
#2479 = DIRECTION('',(0.,0.,-1.));
#2480 = PCURVE('',#2386,#2481);
#2481 = DEFINITIONAL_REPRESENTATION('',(#2482),#2486);
#2482 = LINE('',#2483,#2484);
#2483 = CARTESIAN_POINT('',(0.,0.));
#2484 = VECTOR('',#2485,1.);
#2485 = DIRECTION('',(1.,0.));
#2486 = ( GEOMETRIC_REPRESENTATION_CONTEXT(2) 
PARAMETRIC_REPRESENTATION_CONTEXT() REPRESENTATION_CONTEXT('2D SPACE',''
  ) );
#2487 = PCURVE('',#2221,#2488);
#2488 = DEFINITIONAL_REPRESENTATION('',(#2489),#2493);
#2489 = LINE('',#2490,#2491);
#2490 = CARTESIAN_POINT('',(0.687407664254,1.190625));
#2491 = VECTOR('',#2492,1.);
#2492 = DIRECTION('',(-1.,0.));
#2493 = ( GEOMETRIC_REPRESENTATION_CONTEXT(2) 
PARAMETRIC_REPRESENTATION_CONTEXT() REPRESENTATION_CONTEXT('2D SPACE',''
  ) );
#2494 = ADVANCED_FACE('',(#2495),#2462,.T.);
#2495 = FACE_BOUND('',#2496,.T.);
#2496 = EDGE_LOOP('',(#2497,#2498,#2521,#2549));
#2497 = ORIENTED_EDGE('',*,*,#2446,.T.);
#2498 = ORIENTED_EDGE('',*,*,#2499,.T.);
#2499 = EDGE_CURVE('',#2424,#2500,#2502,.T.);
#2500 = VERTEX_POINT('',#2501);
#2501 = CARTESIAN_POINT('',(8.89,2.22044604925E-16,-1.374815328508));
#2502 = SURFACE_CURVE('',#2503,(#2507,#2514),.PCURVE_S1.);
#2503 = LINE('',#2504,#2505);
#2504 = CARTESIAN_POINT('',(8.89,-1.190625,-0.687407664254));
#2505 = VECTOR('',#2506,1.);
#2506 = DIRECTION('',(0.,0.866025403784,-0.5));
#2507 = PCURVE('',#2462,#2508);
#2508 = DEFINITIONAL_REPRESENTATION('',(#2509),#2513);
#2509 = LINE('',#2510,#2511);
#2510 = CARTESIAN_POINT('',(0.,-8.89));
#2511 = VECTOR('',#2512,1.);
#2512 = DIRECTION('',(1.,0.));
#2513 = ( GEOMETRIC_REPRESENTATION_CONTEXT(2) 
PARAMETRIC_REPRESENTATION_CONTEXT() REPRESENTATION_CONTEXT('2D SPACE',''
  ) );
#2514 = PCURVE('',#2193,#2515);
#2515 = DEFINITIONAL_REPRESENTATION('',(#2516),#2520);
#2516 = LINE('',#2517,#2518);
#2517 = CARTESIAN_POINT('',(-0.687407664254,1.190625));
#2518 = VECTOR('',#2519,1.);
#2519 = DIRECTION('',(-0.5,-0.866025403784));
#2520 = ( GEOMETRIC_REPRESENTATION_CONTEXT(2) 
PARAMETRIC_REPRESENTATION_CONTEXT() REPRESENTATION_CONTEXT('2D SPACE',''
  ) );
#2521 = ORIENTED_EDGE('',*,*,#2522,.F.);
#2522 = EDGE_CURVE('',#2523,#2500,#2525,.T.);
#2523 = VERTEX_POINT('',#2524);
#2524 = CARTESIAN_POINT('',(0.,2.22044604925E-16,-1.374815328508));
#2525 = SURFACE_CURVE('',#2526,(#2530,#2537),.PCURVE_S1.);
#2526 = LINE('',#2527,#2528);
#2527 = CARTESIAN_POINT('',(0.,2.22044604925E-16,-1.374815328508));
#2528 = VECTOR('',#2529,1.);
#2529 = DIRECTION('',(1.,0.,0.));
#2530 = PCURVE('',#2462,#2531);
#2531 = DEFINITIONAL_REPRESENTATION('',(#2532),#2536);
#2532 = LINE('',#2533,#2534);
#2533 = CARTESIAN_POINT('',(1.374815328508,0.));
#2534 = VECTOR('',#2535,1.);
#2535 = DIRECTION('',(0.,-1.));
#2536 = ( GEOMETRIC_REPRESENTATION_CONTEXT(2) 
PARAMETRIC_REPRESENTATION_CONTEXT() REPRESENTATION_CONTEXT('2D SPACE',''
  ) );
#2537 = PCURVE('',#2538,#2543);
#2538 = PLANE('',#2539);
#2539 = AXIS2_PLACEMENT_3D('',#2540,#2541,#2542);
#2540 = CARTESIAN_POINT('',(0.,2.22044604925E-16,-1.374815328508));
#2541 = DIRECTION('',(0.,-0.5,0.866025403784));
#2542 = DIRECTION('',(0.,0.866025403784,0.5));
#2543 = DEFINITIONAL_REPRESENTATION('',(#2544),#2548);
#2544 = LINE('',#2545,#2546);
#2545 = CARTESIAN_POINT('',(0.,0.));
#2546 = VECTOR('',#2547,1.);
#2547 = DIRECTION('',(0.,-1.));
#2548 = ( GEOMETRIC_REPRESENTATION_CONTEXT(2) 
PARAMETRIC_REPRESENTATION_CONTEXT() REPRESENTATION_CONTEXT('2D SPACE',''
  ) );
#2549 = ORIENTED_EDGE('',*,*,#2550,.F.);
#2550 = EDGE_CURVE('',#2447,#2523,#2551,.T.);
#2551 = SURFACE_CURVE('',#2552,(#2556,#2563),.PCURVE_S1.);
#2552 = LINE('',#2553,#2554);
#2553 = CARTESIAN_POINT('',(0.,-1.190625,-0.687407664254));
#2554 = VECTOR('',#2555,1.);
#2555 = DIRECTION('',(0.,0.866025403784,-0.5));
#2556 = PCURVE('',#2462,#2557);
#2557 = DEFINITIONAL_REPRESENTATION('',(#2558),#2562);
#2558 = LINE('',#2559,#2560);
#2559 = CARTESIAN_POINT('',(0.,0.));
#2560 = VECTOR('',#2561,1.);
#2561 = DIRECTION('',(1.,0.));
#2562 = ( GEOMETRIC_REPRESENTATION_CONTEXT(2) 
PARAMETRIC_REPRESENTATION_CONTEXT() REPRESENTATION_CONTEXT('2D SPACE',''
  ) );
#2563 = PCURVE('',#2221,#2564);
#2564 = DEFINITIONAL_REPRESENTATION('',(#2565),#2569);
#2565 = LINE('',#2566,#2567);
#2566 = CARTESIAN_POINT('',(-0.687407664254,1.190625));
#2567 = VECTOR('',#2568,1.);
#2568 = DIRECTION('',(-0.5,-0.866025403784));
#2569 = ( GEOMETRIC_REPRESENTATION_CONTEXT(2) 
PARAMETRIC_REPRESENTATION_CONTEXT() REPRESENTATION_CONTEXT('2D SPACE',''
  ) );
#2570 = ADVANCED_FACE('',(#2571),#2538,.T.);
#2571 = FACE_BOUND('',#2572,.T.);
#2572 = EDGE_LOOP('',(#2573,#2574,#2597,#2620));
#2573 = ORIENTED_EDGE('',*,*,#2522,.T.);
#2574 = ORIENTED_EDGE('',*,*,#2575,.T.);
#2575 = EDGE_CURVE('',#2500,#2576,#2578,.T.);
#2576 = VERTEX_POINT('',#2577);
#2577 = CARTESIAN_POINT('',(8.89,1.190625,-0.687407664254));
#2578 = SURFACE_CURVE('',#2579,(#2583,#2590),.PCURVE_S1.);
#2579 = LINE('',#2580,#2581);
#2580 = CARTESIAN_POINT('',(8.89,2.22044604925E-16,-1.374815328508));
#2581 = VECTOR('',#2582,1.);
#2582 = DIRECTION('',(0.,0.866025403784,0.5));
#2583 = PCURVE('',#2538,#2584);
#2584 = DEFINITIONAL_REPRESENTATION('',(#2585),#2589);
#2585 = LINE('',#2586,#2587);
#2586 = CARTESIAN_POINT('',(0.,-8.89));
#2587 = VECTOR('',#2588,1.);
#2588 = DIRECTION('',(1.,0.));
#2589 = ( GEOMETRIC_REPRESENTATION_CONTEXT(2) 
PARAMETRIC_REPRESENTATION_CONTEXT() REPRESENTATION_CONTEXT('2D SPACE',''
  ) );
#2590 = PCURVE('',#2193,#2591);
#2591 = DEFINITIONAL_REPRESENTATION('',(#2592),#2596);
#2592 = LINE('',#2593,#2594);
#2593 = CARTESIAN_POINT('',(-1.374815328508,-2.904804850401E-16));
#2594 = VECTOR('',#2595,1.);
#2595 = DIRECTION('',(0.5,-0.866025403784));
#2596 = ( GEOMETRIC_REPRESENTATION_CONTEXT(2) 
PARAMETRIC_REPRESENTATION_CONTEXT() REPRESENTATION_CONTEXT('2D SPACE',''
  ) );
#2597 = ORIENTED_EDGE('',*,*,#2598,.F.);
#2598 = EDGE_CURVE('',#2599,#2576,#2601,.T.);
#2599 = VERTEX_POINT('',#2600);
#2600 = CARTESIAN_POINT('',(0.,1.190625,-0.687407664254));
#2601 = SURFACE_CURVE('',#2602,(#2606,#2613),.PCURVE_S1.);
#2602 = LINE('',#2603,#2604);
#2603 = CARTESIAN_POINT('',(0.,1.190625,-0.687407664254));
#2604 = VECTOR('',#2605,1.);
#2605 = DIRECTION('',(1.,0.,0.));
#2606 = PCURVE('',#2538,#2607);
#2607 = DEFINITIONAL_REPRESENTATION('',(#2608),#2612);
#2608 = LINE('',#2609,#2610);
#2609 = CARTESIAN_POINT('',(1.374815328508,0.));
#2610 = VECTOR('',#2611,1.);
#2611 = DIRECTION('',(0.,-1.));
#2612 = ( GEOMETRIC_REPRESENTATION_CONTEXT(2) 
PARAMETRIC_REPRESENTATION_CONTEXT() REPRESENTATION_CONTEXT('2D SPACE',''
  ) );
#2613 = PCURVE('',#2259,#2614);
#2614 = DEFINITIONAL_REPRESENTATION('',(#2615),#2619);
#2615 = LINE('',#2616,#2617);
#2616 = CARTESIAN_POINT('',(0.,0.));
#2617 = VECTOR('',#2618,1.);
#2618 = DIRECTION('',(0.,-1.));
#2619 = ( GEOMETRIC_REPRESENTATION_CONTEXT(2) 
PARAMETRIC_REPRESENTATION_CONTEXT() REPRESENTATION_CONTEXT('2D SPACE',''
  ) );
#2620 = ORIENTED_EDGE('',*,*,#2621,.F.);
#2621 = EDGE_CURVE('',#2523,#2599,#2622,.T.);
#2622 = SURFACE_CURVE('',#2623,(#2627,#2634),.PCURVE_S1.);
#2623 = LINE('',#2624,#2625);
#2624 = CARTESIAN_POINT('',(0.,2.22044604925E-16,-1.374815328508));
#2625 = VECTOR('',#2626,1.);
#2626 = DIRECTION('',(0.,0.866025403784,0.5));
#2627 = PCURVE('',#2538,#2628);
#2628 = DEFINITIONAL_REPRESENTATION('',(#2629),#2633);
#2629 = LINE('',#2630,#2631);
#2630 = CARTESIAN_POINT('',(0.,0.));
#2631 = VECTOR('',#2632,1.);
#2632 = DIRECTION('',(1.,0.));
#2633 = ( GEOMETRIC_REPRESENTATION_CONTEXT(2) 
PARAMETRIC_REPRESENTATION_CONTEXT() REPRESENTATION_CONTEXT('2D SPACE',''
  ) );
#2634 = PCURVE('',#2221,#2635);
#2635 = DEFINITIONAL_REPRESENTATION('',(#2636),#2640);
#2636 = LINE('',#2637,#2638);
#2637 = CARTESIAN_POINT('',(-1.374815328508,-2.904804850401E-16));
#2638 = VECTOR('',#2639,1.);
#2639 = DIRECTION('',(0.5,-0.866025403784));
#2640 = ( GEOMETRIC_REPRESENTATION_CONTEXT(2) 
PARAMETRIC_REPRESENTATION_CONTEXT() REPRESENTATION_CONTEXT('2D SPACE',''
  ) );
#2641 = ADVANCED_FACE('',(#2642),#2259,.T.);
#2642 = FACE_BOUND('',#2643,.T.);
#2643 = EDGE_LOOP('',(#2644,#2645,#2666,#2667));
#2644 = ORIENTED_EDGE('',*,*,#2598,.T.);
#2645 = ORIENTED_EDGE('',*,*,#2646,.T.);
#2646 = EDGE_CURVE('',#2576,#2239,#2647,.T.);
#2647 = SURFACE_CURVE('',#2648,(#2652,#2659),.PCURVE_S1.);
#2648 = LINE('',#2649,#2650);
#2649 = CARTESIAN_POINT('',(8.89,1.190625,-0.687407664254));
#2650 = VECTOR('',#2651,1.);
#2651 = DIRECTION('',(0.,0.,1.));
#2652 = PCURVE('',#2259,#2653);
#2653 = DEFINITIONAL_REPRESENTATION('',(#2654),#2658);
#2654 = LINE('',#2655,#2656);
#2655 = CARTESIAN_POINT('',(0.,-8.89));
#2656 = VECTOR('',#2657,1.);
#2657 = DIRECTION('',(1.,0.));
#2658 = ( GEOMETRIC_REPRESENTATION_CONTEXT(2) 
PARAMETRIC_REPRESENTATION_CONTEXT() REPRESENTATION_CONTEXT('2D SPACE',''
  ) );
#2659 = PCURVE('',#2193,#2660);
#2660 = DEFINITIONAL_REPRESENTATION('',(#2661),#2665);
#2661 = LINE('',#2662,#2663);
#2662 = CARTESIAN_POINT('',(-0.687407664254,-1.190625));
#2663 = VECTOR('',#2664,1.);
#2664 = DIRECTION('',(1.,0.));
#2665 = ( GEOMETRIC_REPRESENTATION_CONTEXT(2) 
PARAMETRIC_REPRESENTATION_CONTEXT() REPRESENTATION_CONTEXT('2D SPACE',''
  ) );
#2666 = ORIENTED_EDGE('',*,*,#2236,.F.);
#2667 = ORIENTED_EDGE('',*,*,#2668,.F.);
#2668 = EDGE_CURVE('',#2599,#2237,#2669,.T.);
#2669 = SURFACE_CURVE('',#2670,(#2674,#2681),.PCURVE_S1.);
#2670 = LINE('',#2671,#2672);
#2671 = CARTESIAN_POINT('',(0.,1.190625,-0.687407664254));
#2672 = VECTOR('',#2673,1.);
#2673 = DIRECTION('',(0.,0.,1.));
#2674 = PCURVE('',#2259,#2675);
#2675 = DEFINITIONAL_REPRESENTATION('',(#2676),#2680);
#2676 = LINE('',#2677,#2678);
#2677 = CARTESIAN_POINT('',(0.,0.));
#2678 = VECTOR('',#2679,1.);
#2679 = DIRECTION('',(1.,0.));
#2680 = ( GEOMETRIC_REPRESENTATION_CONTEXT(2) 
PARAMETRIC_REPRESENTATION_CONTEXT() REPRESENTATION_CONTEXT('2D SPACE',''
  ) );
#2681 = PCURVE('',#2221,#2682);
#2682 = DEFINITIONAL_REPRESENTATION('',(#2683),#2687);
#2683 = LINE('',#2684,#2685);
#2684 = CARTESIAN_POINT('',(-0.687407664254,-1.190625));
#2685 = VECTOR('',#2686,1.);
#2686 = DIRECTION('',(1.,0.));
#2687 = ( GEOMETRIC_REPRESENTATION_CONTEXT(2) 
PARAMETRIC_REPRESENTATION_CONTEXT() REPRESENTATION_CONTEXT('2D SPACE',''
  ) );
#2688 = ADVANCED_FACE('',(#2689,#2692),#2221,.F.);
#2689 = FACE_BOUND('',#2690,.F.);
#2690 = EDGE_LOOP('',(#2691));
#2691 = ORIENTED_EDGE('',*,*,#2206,.T.);
#2692 = FACE_BOUND('',#2693,.T.);
#2693 = EDGE_LOOP('',(#2694,#2695,#2696,#2697,#2698,#2699));
#2694 = ORIENTED_EDGE('',*,*,#2322,.T.);
#2695 = ORIENTED_EDGE('',*,*,#2398,.T.);
#2696 = ORIENTED_EDGE('',*,*,#2474,.T.);
#2697 = ORIENTED_EDGE('',*,*,#2550,.T.);
#2698 = ORIENTED_EDGE('',*,*,#2621,.T.);
#2699 = ORIENTED_EDGE('',*,*,#2668,.T.);
#2700 = ADVANCED_FACE('',(#2701,#2704),#2193,.T.);
#2701 = FACE_BOUND('',#2702,.T.);
#2702 = EDGE_LOOP('',(#2703));
#2703 = ORIENTED_EDGE('',*,*,#2178,.T.);
#2704 = FACE_BOUND('',#2705,.F.);
#2705 = EDGE_LOOP('',(#2706,#2707,#2708,#2709,#2710,#2711));
#2706 = ORIENTED_EDGE('',*,*,#2271,.T.);
#2707 = ORIENTED_EDGE('',*,*,#2347,.T.);
#2708 = ORIENTED_EDGE('',*,*,#2423,.T.);
#2709 = ORIENTED_EDGE('',*,*,#2499,.T.);
#2710 = ORIENTED_EDGE('',*,*,#2575,.T.);
#2711 = ORIENTED_EDGE('',*,*,#2646,.T.);
#2712 = ( GEOMETRIC_REPRESENTATION_CONTEXT(3) 
GLOBAL_UNCERTAINTY_ASSIGNED_CONTEXT((#2716)) 
GLOBAL_UNIT_ASSIGNED_CONTEXT((#2713,#2714,#2715)) REPRESENTATION_CONTEXT
('Context #1','3D Context with UNIT and UNCERTAINTY') );
#2713 = ( LENGTH_UNIT() NAMED_UNIT(*) SI_UNIT(.MILLI.,.METRE.) );
#2714 = ( NAMED_UNIT(*) PLANE_ANGLE_UNIT() SI_UNIT($,.RADIAN.) );
#2715 = ( NAMED_UNIT(*) SI_UNIT($,.STERADIAN.) SOLID_ANGLE_UNIT() );
#2716 = UNCERTAINTY_MEASURE_WITH_UNIT(LENGTH_MEASURE(1.E-07),#2713,
  'distance_accuracy_value','confusion accuracy');
#2717 = CONTEXT_DEPENDENT_SHAPE_REPRESENTATION(#2718,#2720);
#2718 = ( REPRESENTATION_RELATIONSHIP('','',#2141,#10) 
REPRESENTATION_RELATIONSHIP_WITH_TRANSFORMATION(#2719) 
SHAPE_REPRESENTATION_RELATIONSHIP() );
#2719 = ITEM_DEFINED_TRANSFORMATION('','',#11,#27);
#2720 = PRODUCT_DEFINITION_SHAPE('Placement','Placement of an item',
  #2721);
#2721 = NEXT_ASSEMBLY_USAGE_OCCURRENCE('13','Screw','',#5,#2136,$);
#2722 = PRODUCT_RELATED_PRODUCT_CATEGORY('part',$,(#2138));
#2723 = MECHANICAL_DESIGN_GEOMETRIC_PRESENTATION_REPRESENTATION('',(
    #2724),#465);
#2724 = STYLED_ITEM('color',(#2725),#45);
#2725 = PRESENTATION_STYLE_ASSIGNMENT((#2726,#2732));
#2726 = SURFACE_STYLE_USAGE(.BOTH.,#2727);
#2727 = SURFACE_SIDE_STYLE('',(#2728));
#2728 = SURFACE_STYLE_FILL_AREA(#2729);
#2729 = FILL_AREA_STYLE('',(#2730));
#2730 = FILL_AREA_STYLE_COLOUR('',#2731);
#2731 = COLOUR_RGB('',0.800000010877,0.800000010877,0.899999968064);
#2732 = CURVE_STYLE('',#2733,POSITIVE_LENGTH_MEASURE(0.1),#2734);
#2733 = DRAUGHTING_PRE_DEFINED_CURVE_FONT('continuous');
#2734 = COLOUR_RGB('',9.803921802644E-02,9.803921802644E-02,
  9.803921802644E-02);
#2735 = MECHANICAL_DESIGN_GEOMETRIC_PRESENTATION_REPRESENTATION('',(
    #2736),#2712);
#2736 = STYLED_ITEM('color',(#2737),#2142);
#2737 = PRESENTATION_STYLE_ASSIGNMENT((#2738,#2744));
#2738 = SURFACE_STYLE_USAGE(.BOTH.,#2739);
#2739 = SURFACE_SIDE_STYLE('',(#2740));
#2740 = SURFACE_STYLE_FILL_AREA(#2741);
#2741 = FILL_AREA_STYLE('',(#2742));
#2742 = FILL_AREA_STYLE_COLOUR('',#2743);
#2743 = COLOUR_RGB('',0.300000011149,0.300000011149,0.300000011149);
#2744 = CURVE_STYLE('',#2745,POSITIVE_LENGTH_MEASURE(0.1),#2734);
#2745 = DRAUGHTING_PRE_DEFINED_CURVE_FONT('continuous');
#2746 = MECHANICAL_DESIGN_GEOMETRIC_PRESENTATION_REPRESENTATION('',(
    #2747),#2123);
#2747 = STYLED_ITEM('color',(#2748),#1313);
#2748 = PRESENTATION_STYLE_ASSIGNMENT((#2749,#2755));
#2749 = SURFACE_STYLE_USAGE(.BOTH.,#2750);
#2750 = SURFACE_SIDE_STYLE('',(#2751));
#2751 = SURFACE_STYLE_FILL_AREA(#2752);
#2752 = FILL_AREA_STYLE('',(#2753));
#2753 = FILL_AREA_STYLE_COLOUR('',#2754);
#2754 = COLOUR_RGB('',0.501960817233,0.109803919806,0.);
#2755 = CURVE_STYLE('',#2756,POSITIVE_LENGTH_MEASURE(0.1),#2734);
#2756 = DRAUGHTING_PRE_DEFINED_CURVE_FONT('continuous');
#2757 = MECHANICAL_DESIGN_GEOMETRIC_PRESENTATION_REPRESENTATION('',(
    #2758),#1294);
#2758 = STYLED_ITEM('color',(#2759),#484);
#2759 = PRESENTATION_STYLE_ASSIGNMENT((#2760,#2766));
#2760 = SURFACE_STYLE_USAGE(.BOTH.,#2761);
#2761 = SURFACE_SIDE_STYLE('',(#2762));
#2762 = SURFACE_STYLE_FILL_AREA(#2763);
#2763 = FILL_AREA_STYLE('',(#2764));
#2764 = FILL_AREA_STYLE_COLOUR('',#2765);
#2765 = COLOUR_RGB('',0.500000003429,0.109999998779,0.);
#2766 = CURVE_STYLE('',#2767,POSITIVE_LENGTH_MEASURE(0.1),#2734);
#2767 = DRAUGHTING_PRE_DEFINED_CURVE_FONT('continuous');
ENDSEC;
END-ISO-10303-21;
